,game,model,experiment,episode,metric,value
0,wordle,qwen3.5-4b,medium_frequency_words_no_clue_no_critic,instance_00014,Aborted,0.0
1,wordle,qwen3.5-4b,medium_frequency_words_no_clue_no_critic,instance_00014,Lose,0.0
2,wordle,qwen3.5-4b,medium_frequency_words_no_clue_no_critic,instance_00014,Success,1.0
3,wordle,qwen3.5-4b,medium_frequency_words_no_clue_no_critic,instance_00014,Request Count,7.0
4,wordle,qwen3.5-4b,medium_frequency_words_no_clue_no_critic,instance_00014,Parsed Request Count,7.0
5,wordle,qwen3.5-4b,medium_frequency_words_no_clue_no_critic,instance_00014,Violated Request Count,0.0
6,wordle,qwen3.5-4b,medium_frequency_words_no_clue_no_critic,instance_00014,Request Success Ratio,1.0
7,wordle,qwen3.5-4b,medium_frequency_words_no_clue_no_critic,instance_00014,Main Score,20.0
8,wordle,qwen3.5-4b,medium_frequency_words_no_clue_no_critic,instance_00014,Guess Repetitions,0.0
9,wordle,qwen3.5-4b,medium_frequency_words_no_clue_no_critic,instance_00007,Aborted,0.0
10,wordle,qwen3.5-4b,medium_frequency_words_no_clue_no_critic,instance_00007,Lose,0.0
11,wordle,qwen3.5-4b,medium_frequency_words_no_clue_no_critic,instance_00007,Success,1.0
12,wordle,qwen3.5-4b,medium_frequency_words_no_clue_no_critic,instance_00007,Request Count,6.0
13,wordle,qwen3.5-4b,medium_frequency_words_no_clue_no_critic,instance_00007,Parsed Request Count,6.0
14,wordle,qwen3.5-4b,medium_frequency_words_no_clue_no_critic,instance_00007,Violated Request Count,0.0
15,wordle,qwen3.5-4b,medium_frequency_words_no_clue_no_critic,instance_00007,Request Success Ratio,1.0
16,wordle,qwen3.5-4b,medium_frequency_words_no_clue_no_critic,instance_00007,Main Score,50.0
17,wordle,qwen3.5-4b,medium_frequency_words_no_clue_no_critic,instance_00007,Guess Repetitions,0.0
18,wordle,qwen3.5-4b,high_frequency_words_no_clue_no_critic,instance_00007,Aborted,1.0
19,wordle,qwen3.5-4b,high_frequency_words_no_clue_no_critic,instance_00007,Lose,0.0
20,wordle,qwen3.5-4b,high_frequency_words_no_clue_no_critic,instance_00007,Success,0.0
21,wordle,qwen3.5-4b,high_frequency_words_no_clue_no_critic,instance_00007,Request Count,3.0
22,wordle,qwen3.5-4b,high_frequency_words_no_clue_no_critic,instance_00007,Parsed Request Count,2.0
23,wordle,qwen3.5-4b,high_frequency_words_no_clue_no_critic,instance_00007,Violated Request Count,1.0
24,wordle,qwen3.5-4b,high_frequency_words_no_clue_no_critic,instance_00007,Request Success Ratio,0.6666666666666666
25,wordle,qwen3.5-4b,high_frequency_words_no_clue_no_critic,instance_00007,Main Score,
26,wordle,qwen3.5-4b,high_frequency_words_no_clue_no_critic,instance_00007,Guess Repetitions,
27,guesswhat,qwen3.5-4b,Abs_Level_3,instance_00008,Violated Request Count,1.0
28,guesswhat,qwen3.5-4b,Abs_Level_3,instance_00008,Parsed Request Count,0.0
29,guesswhat,qwen3.5-4b,Abs_Level_3,instance_00008,Request Count,1.0
30,guesswhat,qwen3.5-4b,Abs_Level_3,instance_00008,Request Success Ratio,0.0
31,guesswhat,qwen3.5-4b,Abs_Level_3,instance_00008,Aborted,1.0
32,guesswhat,qwen3.5-4b,Abs_Level_3,instance_00008,Main Score,
33,guesswhat,qwen3.5-4b,Abs_Level_3,instance_00008,Invalid format guesser response,0.0
34,guesswhat,qwen3.5-4b,Abs_Level_3,instance_00008,Invalid format answerer response,1.0
35,guesswhat,qwen3.5-4b,Abs_Level_3,instance_00008,Invalid content guesser response,0.0
36,guesswhat,qwen3.5-4b,Abs_Level_3,instance_00008,Invalid content answerer response,0.0
37,guesswhat,qwen3.5-4b,Abs_Level_2,instance_00007,Violated Request Count,1.0
38,guesswhat,qwen3.5-4b,Abs_Level_2,instance_00007,Parsed Request Count,0.0
39,guesswhat,qwen3.5-4b,Abs_Level_2,instance_00007,Request Count,1.0
40,guesswhat,qwen3.5-4b,Abs_Level_2,instance_00007,Request Success Ratio,0.0
41,guesswhat,qwen3.5-4b,Abs_Level_2,instance_00007,Aborted,1.0
42,guesswhat,qwen3.5-4b,Abs_Level_2,instance_00007,Main Score,
43,guesswhat,qwen3.5-4b,Abs_Level_2,instance_00007,Invalid format guesser response,0.0
44,guesswhat,qwen3.5-4b,Abs_Level_2,instance_00007,Invalid format answerer response,1.0
45,guesswhat,qwen3.5-4b,Abs_Level_2,instance_00007,Invalid content guesser response,0.0
46,guesswhat,qwen3.5-4b,Abs_Level_2,instance_00007,Invalid content answerer response,0.0
47,guesswhat,qwen3.5-4b,Abs_Level_1,instance_00002,Violated Request Count,1.0
48,guesswhat,qwen3.5-4b,Abs_Level_1,instance_00002,Parsed Request Count,0.0
49,guesswhat,qwen3.5-4b,Abs_Level_1,instance_00002,Request Count,1.0
50,guesswhat,qwen3.5-4b,Abs_Level_1,instance_00002,Request Success Ratio,0.0
51,guesswhat,qwen3.5-4b,Abs_Level_1,instance_00002,Aborted,1.0
52,guesswhat,qwen3.5-4b,Abs_Level_1,instance_00002,Main Score,
53,guesswhat,qwen3.5-4b,Abs_Level_1,instance_00002,Invalid format guesser response,0.0
54,guesswhat,qwen3.5-4b,Abs_Level_1,instance_00002,Invalid format answerer response,1.0
55,guesswhat,qwen3.5-4b,Abs_Level_1,instance_00002,Invalid content guesser response,0.0
56,guesswhat,qwen3.5-4b,Abs_Level_1,instance_00002,Invalid content answerer response,0.0
57,guesswhat,qwen3.5-4b,Level_1,instance_00002,Violated Request Count,1.0
58,guesswhat,qwen3.5-4b,Level_1,instance_00002,Parsed Request Count,0.0
59,guesswhat,qwen3.5-4b,Level_1,instance_00002,Request Count,1.0
60,guesswhat,qwen3.5-4b,Level_1,instance_00002,Request Success Ratio,0.0
61,guesswhat,qwen3.5-4b,Level_1,instance_00002,Aborted,1.0
62,guesswhat,qwen3.5-4b,Level_1,instance_00002,Main Score,
63,guesswhat,qwen3.5-4b,Level_1,instance_00002,Invalid format guesser response,0.0
64,guesswhat,qwen3.5-4b,Level_1,instance_00002,Invalid format answerer response,1.0
65,guesswhat,qwen3.5-4b,Level_1,instance_00002,Invalid content guesser response,0.0
66,guesswhat,qwen3.5-4b,Level_1,instance_00002,Invalid content answerer response,0.0
67,guesswhat,qwen3.5-4b,Level_2,instance_00009,Violated Request Count,1.0
68,guesswhat,qwen3.5-4b,Level_2,instance_00009,Parsed Request Count,0.0
69,guesswhat,qwen3.5-4b,Level_2,instance_00009,Request Count,1.0
70,guesswhat,qwen3.5-4b,Level_2,instance_00009,Request Success Ratio,0.0
71,guesswhat,qwen3.5-4b,Level_2,instance_00009,Aborted,1.0
72,guesswhat,qwen3.5-4b,Level_2,instance_00009,Main Score,
73,guesswhat,qwen3.5-4b,Level_2,instance_00009,Invalid format guesser response,0.0
74,guesswhat,qwen3.5-4b,Level_2,instance_00009,Invalid format answerer response,1.0
75,guesswhat,qwen3.5-4b,Level_2,instance_00009,Invalid content guesser response,0.0
76,guesswhat,qwen3.5-4b,Level_2,instance_00009,Invalid content answerer response,0.0
77,guesswhat,qwen3.5-4b,Level_3,instance_00008,Violated Request Count,1.0
78,guesswhat,qwen3.5-4b,Level_3,instance_00008,Parsed Request Count,0.0
79,guesswhat,qwen3.5-4b,Level_3,instance_00008,Request Count,1.0
80,guesswhat,qwen3.5-4b,Level_3,instance_00008,Request Success Ratio,0.0
81,guesswhat,qwen3.5-4b,Level_3,instance_00008,Aborted,1.0
82,guesswhat,qwen3.5-4b,Level_3,instance_00008,Main Score,
83,guesswhat,qwen3.5-4b,Level_3,instance_00008,Invalid format guesser response,0.0
84,guesswhat,qwen3.5-4b,Level_3,instance_00008,Invalid format answerer response,1.0
85,guesswhat,qwen3.5-4b,Level_3,instance_00008,Invalid content guesser response,0.0
86,guesswhat,qwen3.5-4b,Level_3,instance_00008,Invalid content answerer response,0.0
87,privateshared,qwen3.5-4b,things-places,instance_00003,Accuracy,
88,privateshared,qwen3.5-4b,things-places,instance_00003,Kappa,
89,privateshared,qwen3.5-4b,things-places,instance_00003,Truncated Kappa,
90,privateshared,qwen3.5-4b,things-places,instance_00003,Slot-Filling-Accuracy,
91,privateshared,qwen3.5-4b,things-places,instance_00003,Main Score,
92,privateshared,qwen3.5-4b,things-places,instance_00003,Aborted,1.0
93,privateshared,qwen3.5-4b,things-places,instance_00003,Lose,0.0
94,privateshared,qwen3.5-4b,things-places,instance_00003,Success,0.0
95,privateshared,qwen3.5-4b,things-places,instance_00003,Request Count,5.0
96,privateshared,qwen3.5-4b,things-places,instance_00003,Parsed Request Count,0.0
97,privateshared,qwen3.5-4b,things-places,instance_00003,Violated Request Count,5.0
98,privateshared,qwen3.5-4b,things-places,instance_00003,Request Success Ratio,0.0
99,privateshared,qwen3.5-4b,restaurant,instance_00007,Middle-Accuracy,0.6
100,privateshared,qwen3.5-4b,restaurant,instance_00007,Accuracy,0.5666666666666667
101,privateshared,qwen3.5-4b,restaurant,instance_00007,Kappa,0.1333333333333333
102,privateshared,qwen3.5-4b,restaurant,instance_00007,Truncated Kappa,0.1333333333333333
103,privateshared,qwen3.5-4b,restaurant,instance_00007,Slot-Filling-Accuracy,1.0
104,privateshared,qwen3.5-4b,restaurant,instance_00007,Main Score,23.529411764705877
105,privateshared,qwen3.5-4b,restaurant,instance_00007,Aborted,0.0
106,privateshared,qwen3.5-4b,restaurant,instance_00007,Lose,1.0
107,privateshared,qwen3.5-4b,restaurant,instance_00007,Success,0.0
108,privateshared,qwen3.5-4b,restaurant,instance_00007,Request Count,35.0
109,privateshared,qwen3.5-4b,restaurant,instance_00007,Parsed Request Count,35.0
110,privateshared,qwen3.5-4b,restaurant,instance_00007,Violated Request Count,0.0
111,privateshared,qwen3.5-4b,restaurant,instance_00007,Request Success Ratio,1.0
112,privateshared,qwen3.5-4b,travel-booking,instance_00009,Middle-Accuracy,0.6
113,privateshared,qwen3.5-4b,travel-booking,instance_00009,Accuracy,0.5666666666666667
114,privateshared,qwen3.5-4b,travel-booking,instance_00009,Kappa,0.1333333333333333
115,privateshared,qwen3.5-4b,travel-booking,instance_00009,Truncated Kappa,0.1333333333333333
116,privateshared,qwen3.5-4b,travel-booking,instance_00009,Slot-Filling-Accuracy,1.0
117,privateshared,qwen3.5-4b,travel-booking,instance_00009,Main Score,23.529411764705877
118,privateshared,qwen3.5-4b,travel-booking,instance_00009,Aborted,0.0
119,privateshared,qwen3.5-4b,travel-booking,instance_00009,Lose,1.0
120,privateshared,qwen3.5-4b,travel-booking,instance_00009,Success,0.0
121,privateshared,qwen3.5-4b,travel-booking,instance_00009,Request Count,35.0
122,privateshared,qwen3.5-4b,travel-booking,instance_00009,Parsed Request Count,35.0
123,privateshared,qwen3.5-4b,travel-booking,instance_00009,Violated Request Count,0.0
124,privateshared,qwen3.5-4b,travel-booking,instance_00009,Request Success Ratio,1.0
125,privateshared,qwen3.5-4b,job-interview,instance_00008,Middle-Accuracy,0.2
126,privateshared,qwen3.5-4b,job-interview,instance_00008,Accuracy,0.43333333333333335
127,privateshared,qwen3.5-4b,job-interview,instance_00008,Kappa,-0.1333333333333333
128,privateshared,qwen3.5-4b,job-interview,instance_00008,Truncated Kappa,0.0
129,privateshared,qwen3.5-4b,job-interview,instance_00008,Slot-Filling-Accuracy,1.0
130,privateshared,qwen3.5-4b,job-interview,instance_00008,Main Score,0.0
131,privateshared,qwen3.5-4b,job-interview,instance_00008,Aborted,0.0
132,privateshared,qwen3.5-4b,job-interview,instance_00008,Lose,1.0
133,privateshared,qwen3.5-4b,job-interview,instance_00008,Success,0.0
134,privateshared,qwen3.5-4b,job-interview,instance_00008,Request Count,35.0
135,privateshared,qwen3.5-4b,job-interview,instance_00008,Parsed Request Count,35.0
136,privateshared,qwen3.5-4b,job-interview,instance_00008,Violated Request Count,0.0
137,privateshared,qwen3.5-4b,job-interview,instance_00008,Request Success Ratio,1.0
138,privateshared,qwen3.5-4b,letter-number,instance_00009,Middle-Accuracy,0.6
139,privateshared,qwen3.5-4b,letter-number,instance_00009,Accuracy,0.5
140,privateshared,qwen3.5-4b,letter-number,instance_00009,Kappa,0.0
141,privateshared,qwen3.5-4b,letter-number,instance_00009,Truncated Kappa,0.0
142,privateshared,qwen3.5-4b,letter-number,instance_00009,Slot-Filling-Accuracy,1.0
143,privateshared,qwen3.5-4b,letter-number,instance_00009,Main Score,0.0
144,privateshared,qwen3.5-4b,letter-number,instance_00009,Aborted,0.0
145,privateshared,qwen3.5-4b,letter-number,instance_00009,Lose,1.0
146,privateshared,qwen3.5-4b,letter-number,instance_00009,Success,0.0
147,privateshared,qwen3.5-4b,letter-number,instance_00009,Request Count,120.0
148,privateshared,qwen3.5-4b,letter-number,instance_00009,Parsed Request Count,120.0
149,privateshared,qwen3.5-4b,letter-number,instance_00009,Violated Request Count,0.0
150,privateshared,qwen3.5-4b,letter-number,instance_00009,Request Success Ratio,1.0
151,wordle_withcritic,qwen3.5-4b,medium_frequency_words_clue_with_critic,instance_00004,Aborted,1.0
152,wordle_withcritic,qwen3.5-4b,medium_frequency_words_clue_with_critic,instance_00004,Lose,0.0
153,wordle_withcritic,qwen3.5-4b,medium_frequency_words_clue_with_critic,instance_00004,Success,0.0
154,wordle_withcritic,qwen3.5-4b,medium_frequency_words_clue_with_critic,instance_00004,Request Count,1.0
155,wordle_withcritic,qwen3.5-4b,medium_frequency_words_clue_with_critic,instance_00004,Parsed Request Count,0.0
156,wordle_withcritic,qwen3.5-4b,medium_frequency_words_clue_with_critic,instance_00004,Violated Request Count,1.0
157,wordle_withcritic,qwen3.5-4b,medium_frequency_words_clue_with_critic,instance_00004,Request Success Ratio,0.0
158,wordle_withcritic,qwen3.5-4b,medium_frequency_words_clue_with_critic,instance_00004,Main Score,
159,wordle_withcritic,qwen3.5-4b,medium_frequency_words_clue_with_critic,instance_00004,Guess Repetitions,
160,wordle_withcritic,qwen3.5-4b,medium_frequency_words_clue_with_critic,instance_00004,Repetition-Guesser-On-Critic-Agreement,
161,wordle_withcritic,qwen3.5-4b,medium_frequency_words_clue_with_critic,instance_00004,Non-Repetition-Guesser-On-Critic-Agreement,
162,wordle_withcritic,qwen3.5-4b,medium_frequency_words_clue_with_critic,instance_00004,Repetition-Guesser-On-Critic-Disagreement,
163,wordle_withcritic,qwen3.5-4b,medium_frequency_words_clue_with_critic,instance_00004,Non-Repetition-Guesser-On-Critic-Disagreement,
164,wordle_withcritic,qwen3.5-4b,medium_frequency_words_clue_with_critic,instance_00019,Aborted,1.0
165,wordle_withcritic,qwen3.5-4b,medium_frequency_words_clue_with_critic,instance_00019,Lose,0.0
166,wordle_withcritic,qwen3.5-4b,medium_frequency_words_clue_with_critic,instance_00019,Success,0.0
167,wordle_withcritic,qwen3.5-4b,medium_frequency_words_clue_with_critic,instance_00019,Request Count,1.0
168,wordle_withcritic,qwen3.5-4b,medium_frequency_words_clue_with_critic,instance_00019,Parsed Request Count,0.0
169,wordle_withcritic,qwen3.5-4b,medium_frequency_words_clue_with_critic,instance_00019,Violated Request Count,1.0
170,wordle_withcritic,qwen3.5-4b,medium_frequency_words_clue_with_critic,instance_00019,Request Success Ratio,0.0
171,wordle_withcritic,qwen3.5-4b,medium_frequency_words_clue_with_critic,instance_00019,Main Score,
172,wordle_withcritic,qwen3.5-4b,medium_frequency_words_clue_with_critic,instance_00019,Guess Repetitions,
173,wordle_withcritic,qwen3.5-4b,medium_frequency_words_clue_with_critic,instance_00019,Repetition-Guesser-On-Critic-Agreement,
174,wordle_withcritic,qwen3.5-4b,medium_frequency_words_clue_with_critic,instance_00019,Non-Repetition-Guesser-On-Critic-Agreement,
175,wordle_withcritic,qwen3.5-4b,medium_frequency_words_clue_with_critic,instance_00019,Repetition-Guesser-On-Critic-Disagreement,
176,wordle_withcritic,qwen3.5-4b,medium_frequency_words_clue_with_critic,instance_00019,Non-Repetition-Guesser-On-Critic-Disagreement,
177,wordle_withcritic,qwen3.5-4b,high_frequency_words_clue_with_critic,instance_00002,Aborted,1.0
178,wordle_withcritic,qwen3.5-4b,high_frequency_words_clue_with_critic,instance_00002,Lose,0.0
179,wordle_withcritic,qwen3.5-4b,high_frequency_words_clue_with_critic,instance_00002,Success,0.0
180,wordle_withcritic,qwen3.5-4b,high_frequency_words_clue_with_critic,instance_00002,Request Count,6.0
181,wordle_withcritic,qwen3.5-4b,high_frequency_words_clue_with_critic,instance_00002,Parsed Request Count,5.0
182,wordle_withcritic,qwen3.5-4b,high_frequency_words_clue_with_critic,instance_00002,Violated Request Count,1.0
183,wordle_withcritic,qwen3.5-4b,high_frequency_words_clue_with_critic,instance_00002,Request Success Ratio,0.8333333333333334
184,wordle_withcritic,qwen3.5-4b,high_frequency_words_clue_with_critic,instance_00002,Main Score,
185,wordle_withcritic,qwen3.5-4b,high_frequency_words_clue_with_critic,instance_00002,Guess Repetitions,
186,wordle_withcritic,qwen3.5-4b,high_frequency_words_clue_with_critic,instance_00002,Repetition-Guesser-On-Critic-Agreement,1.0
187,wordle_withcritic,qwen3.5-4b,high_frequency_words_clue_with_critic,instance_00002,Non-Repetition-Guesser-On-Critic-Agreement,0.0
188,wordle_withcritic,qwen3.5-4b,high_frequency_words_clue_with_critic,instance_00002,Repetition-Guesser-On-Critic-Disagreement,0.0
189,wordle_withcritic,qwen3.5-4b,high_frequency_words_clue_with_critic,instance_00002,Non-Repetition-Guesser-On-Critic-Disagreement,0.0
190,taboo,qwen3.5-4b,high_en,instance_00016,Violated Request Count,0.0
191,taboo,qwen3.5-4b,high_en,instance_00016,Parsed Request Count,2.0
192,taboo,qwen3.5-4b,high_en,instance_00016,Request Count,2.0
193,taboo,qwen3.5-4b,high_en,instance_00016,Request Success Ratio,1.0
194,taboo,qwen3.5-4b,high_en,instance_00016,Aborted,0.0
195,taboo,qwen3.5-4b,high_en,instance_00016,Success,0.0
196,taboo,qwen3.5-4b,high_en,instance_00016,Lose,1.0
197,taboo,qwen3.5-4b,high_en,instance_00016,Main Score,0.0
198,taboo,qwen3.5-4b,high_en,instance_00016,Repetition-Guesser,0.0
199,taboo,qwen3.5-4b,high_en,instance_00016,Repetition-Describer,0.0
200,taboo,qwen3.5-4b,high_en,instance_00010,Violated Request Count,0.0
201,taboo,qwen3.5-4b,high_en,instance_00010,Parsed Request Count,2.0
202,taboo,qwen3.5-4b,high_en,instance_00010,Request Count,2.0
203,taboo,qwen3.5-4b,high_en,instance_00010,Request Success Ratio,1.0
204,taboo,qwen3.5-4b,high_en,instance_00010,Aborted,0.0
205,taboo,qwen3.5-4b,high_en,instance_00010,Success,0.0
206,taboo,qwen3.5-4b,high_en,instance_00010,Lose,1.0
207,taboo,qwen3.5-4b,high_en,instance_00010,Main Score,0.0
208,taboo,qwen3.5-4b,high_en,instance_00010,Repetition-Guesser,0.0
209,taboo,qwen3.5-4b,high_en,instance_00010,Repetition-Describer,0.0
210,taboo,qwen3.5-4b,low_en,instance_00018,Violated Request Count,0.0
211,taboo,qwen3.5-4b,low_en,instance_00018,Parsed Request Count,3.0
212,taboo,qwen3.5-4b,low_en,instance_00018,Request Count,3.0
213,taboo,qwen3.5-4b,low_en,instance_00018,Request Success Ratio,1.0
214,taboo,qwen3.5-4b,low_en,instance_00018,Aborted,0.0
215,taboo,qwen3.5-4b,low_en,instance_00018,Success,0.0
216,taboo,qwen3.5-4b,low_en,instance_00018,Lose,1.0
217,taboo,qwen3.5-4b,low_en,instance_00018,Main Score,0.0
218,taboo,qwen3.5-4b,low_en,instance_00018,Repetition-Guesser,0.0
219,taboo,qwen3.5-4b,low_en,instance_00018,Repetition-Describer,0.0
220,taboo,qwen3.5-4b,low_en,instance_00012,Violated Request Count,0.0
221,taboo,qwen3.5-4b,low_en,instance_00012,Parsed Request Count,1.0
222,taboo,qwen3.5-4b,low_en,instance_00012,Request Count,1.0
223,taboo,qwen3.5-4b,low_en,instance_00012,Request Success Ratio,1.0
224,taboo,qwen3.5-4b,low_en,instance_00012,Aborted,0.0
225,taboo,qwen3.5-4b,low_en,instance_00012,Success,1.0
226,taboo,qwen3.5-4b,low_en,instance_00012,Lose,0.0
227,taboo,qwen3.5-4b,low_en,instance_00012,Main Score,100.0
228,taboo,qwen3.5-4b,low_en,instance_00012,Repetition-Guesser,0.0
229,taboo,qwen3.5-4b,low_en,instance_00012,Repetition-Describer,0.0
230,taboo,qwen3.5-4b,medium_en,instance_00007,Violated Request Count,0.0
231,taboo,qwen3.5-4b,medium_en,instance_00007,Parsed Request Count,1.0
232,taboo,qwen3.5-4b,medium_en,instance_00007,Request Count,1.0
233,taboo,qwen3.5-4b,medium_en,instance_00007,Request Success Ratio,1.0
234,taboo,qwen3.5-4b,medium_en,instance_00007,Aborted,0.0
235,taboo,qwen3.5-4b,medium_en,instance_00007,Success,1.0
236,taboo,qwen3.5-4b,medium_en,instance_00007,Lose,0.0
237,taboo,qwen3.5-4b,medium_en,instance_00007,Main Score,100.0
238,taboo,qwen3.5-4b,medium_en,instance_00007,Repetition-Guesser,0.0
239,taboo,qwen3.5-4b,medium_en,instance_00007,Repetition-Describer,0.0
240,taboo,qwen3.5-4b,medium_en,instance_00010,Violated Request Count,0.0
241,taboo,qwen3.5-4b,medium_en,instance_00010,Parsed Request Count,1.0
242,taboo,qwen3.5-4b,medium_en,instance_00010,Request Count,1.0
243,taboo,qwen3.5-4b,medium_en,instance_00010,Request Success Ratio,1.0
244,taboo,qwen3.5-4b,medium_en,instance_00010,Aborted,0.0
245,taboo,qwen3.5-4b,medium_en,instance_00010,Success,0.0
246,taboo,qwen3.5-4b,medium_en,instance_00010,Lose,1.0
247,taboo,qwen3.5-4b,medium_en,instance_00010,Main Score,0.0
248,taboo,qwen3.5-4b,medium_en,instance_00010,Repetition-Guesser,0.0
249,taboo,qwen3.5-4b,medium_en,instance_00010,Repetition-Describer,0.0
250,wordle_withclue,qwen3.5-4b,high_frequency_words_clue_no_critic,instance_00009,Aborted,1.0
251,wordle_withclue,qwen3.5-4b,high_frequency_words_clue_no_critic,instance_00009,Lose,0.0
252,wordle_withclue,qwen3.5-4b,high_frequency_words_clue_no_critic,instance_00009,Success,0.0
253,wordle_withclue,qwen3.5-4b,high_frequency_words_clue_no_critic,instance_00009,Request Count,1.0
254,wordle_withclue,qwen3.5-4b,high_frequency_words_clue_no_critic,instance_00009,Parsed Request Count,0.0
255,wordle_withclue,qwen3.5-4b,high_frequency_words_clue_no_critic,instance_00009,Violated Request Count,1.0
256,wordle_withclue,qwen3.5-4b,high_frequency_words_clue_no_critic,instance_00009,Request Success Ratio,0.0
257,wordle_withclue,qwen3.5-4b,high_frequency_words_clue_no_critic,instance_00009,Main Score,
258,wordle_withclue,qwen3.5-4b,high_frequency_words_clue_no_critic,instance_00009,Guess Repetitions,
259,wordle_withclue,qwen3.5-4b,medium_frequency_words_clue_no_critic,instance_00011,Aborted,1.0
260,wordle_withclue,qwen3.5-4b,medium_frequency_words_clue_no_critic,instance_00011,Lose,0.0
261,wordle_withclue,qwen3.5-4b,medium_frequency_words_clue_no_critic,instance_00011,Success,0.0
262,wordle_withclue,qwen3.5-4b,medium_frequency_words_clue_no_critic,instance_00011,Request Count,1.0
263,wordle_withclue,qwen3.5-4b,medium_frequency_words_clue_no_critic,instance_00011,Parsed Request Count,0.0
264,wordle_withclue,qwen3.5-4b,medium_frequency_words_clue_no_critic,instance_00011,Violated Request Count,1.0
265,wordle_withclue,qwen3.5-4b,medium_frequency_words_clue_no_critic,instance_00011,Request Success Ratio,0.0
266,wordle_withclue,qwen3.5-4b,medium_frequency_words_clue_no_critic,instance_00011,Main Score,
267,wordle_withclue,qwen3.5-4b,medium_frequency_words_clue_no_critic,instance_00011,Guess Repetitions,
268,wordle_withclue,qwen3.5-4b,medium_frequency_words_clue_no_critic,instance_00018,Aborted,1.0
269,wordle_withclue,qwen3.5-4b,medium_frequency_words_clue_no_critic,instance_00018,Lose,0.0
270,wordle_withclue,qwen3.5-4b,medium_frequency_words_clue_no_critic,instance_00018,Success,0.0
271,wordle_withclue,qwen3.5-4b,medium_frequency_words_clue_no_critic,instance_00018,Request Count,1.0
272,wordle_withclue,qwen3.5-4b,medium_frequency_words_clue_no_critic,instance_00018,Parsed Request Count,0.0
273,wordle_withclue,qwen3.5-4b,medium_frequency_words_clue_no_critic,instance_00018,Violated Request Count,1.0
274,wordle_withclue,qwen3.5-4b,medium_frequency_words_clue_no_critic,instance_00018,Request Success Ratio,0.0
275,wordle_withclue,qwen3.5-4b,medium_frequency_words_clue_no_critic,instance_00018,Main Score,
276,wordle_withclue,qwen3.5-4b,medium_frequency_words_clue_no_critic,instance_00018,Guess Repetitions,
277,textmapworld,qwen3.5-4b,large_cycle,instance_00049,Success,0.0
278,textmapworld,qwen3.5-4b,large_cycle,instance_00049,Aborted,0.0
279,textmapworld,qwen3.5-4b,large_cycle,instance_00049,Lose,1.0
280,textmapworld,qwen3.5-4b,large_cycle,instance_00049,moves,6.0
281,textmapworld,qwen3.5-4b,large_cycle,instance_00049,valid_moves,6.0
282,textmapworld,qwen3.5-4b,large_cycle,instance_00049,invalid_moves,0.0
283,textmapworld,qwen3.5-4b,large_cycle,instance_00049,stopped,1.0
284,textmapworld,qwen3.5-4b,large_cycle,instance_00049,turns_limit,0.0
285,textmapworld,qwen3.5-4b,large_cycle,instance_00049,loops,0.0
286,textmapworld,qwen3.5-4b,large_cycle,instance_00049,number_visited,6.0
287,textmapworld,qwen3.5-4b,large_cycle,instance_00049,seen,8.0
288,textmapworld,qwen3.5-4b,large_cycle,instance_00049,efficiency,33.33333333333333
289,textmapworld,qwen3.5-4b,large_cycle,instance_00049,exploration,75.0
290,textmapworld,qwen3.5-4b,large_cycle,instance_00049,Main Score,46.153846153846146
291,textmapworld,qwen3.5-4b,small,instance_00006,Success,0.0
292,textmapworld,qwen3.5-4b,small,instance_00006,Aborted,0.0
293,textmapworld,qwen3.5-4b,small,instance_00006,Lose,1.0
294,textmapworld,qwen3.5-4b,small,instance_00006,moves,2.0
295,textmapworld,qwen3.5-4b,small,instance_00006,valid_moves,2.0
296,textmapworld,qwen3.5-4b,small,instance_00006,invalid_moves,0.0
297,textmapworld,qwen3.5-4b,small,instance_00006,stopped,1.0
298,textmapworld,qwen3.5-4b,small,instance_00006,turns_limit,0.0
299,textmapworld,qwen3.5-4b,small,instance_00006,loops,0.0
300,textmapworld,qwen3.5-4b,small,instance_00006,number_visited,2.0
301,textmapworld,qwen3.5-4b,small,instance_00006,seen,4.0
302,textmapworld,qwen3.5-4b,small,instance_00006,efficiency,0.0
303,textmapworld,qwen3.5-4b,small,instance_00006,exploration,50.0
304,textmapworld,qwen3.5-4b,small,instance_00006,Main Score,0.0
305,textmapworld,qwen3.5-4b,large,instance_00028,Success,0.0
306,textmapworld,qwen3.5-4b,large,instance_00028,Aborted,0.0
307,textmapworld,qwen3.5-4b,large,instance_00028,Lose,1.0
308,textmapworld,qwen3.5-4b,large,instance_00028,moves,2.0
309,textmapworld,qwen3.5-4b,large,instance_00028,valid_moves,2.0
310,textmapworld,qwen3.5-4b,large,instance_00028,invalid_moves,0.0
311,textmapworld,qwen3.5-4b,large,instance_00028,stopped,1.0
312,textmapworld,qwen3.5-4b,large,instance_00028,turns_limit,0.0
313,textmapworld,qwen3.5-4b,large,instance_00028,loops,0.0
314,textmapworld,qwen3.5-4b,large,instance_00028,number_visited,2.0
315,textmapworld,qwen3.5-4b,large,instance_00028,seen,4.0
316,textmapworld,qwen3.5-4b,large,instance_00028,efficiency,50.0
317,textmapworld,qwen3.5-4b,large,instance_00028,exploration,25.0
318,textmapworld,qwen3.5-4b,large,instance_00028,Main Score,33.333333333333336
319,textmapworld,qwen3.5-4b,medium_cycle,instance_00034,Success,0.0
320,textmapworld,qwen3.5-4b,medium_cycle,instance_00034,Aborted,0.0
321,textmapworld,qwen3.5-4b,medium_cycle,instance_00034,Lose,1.0
322,textmapworld,qwen3.5-4b,medium_cycle,instance_00034,moves,2.0
323,textmapworld,qwen3.5-4b,medium_cycle,instance_00034,valid_moves,2.0
324,textmapworld,qwen3.5-4b,medium_cycle,instance_00034,invalid_moves,0.0
325,textmapworld,qwen3.5-4b,medium_cycle,instance_00034,stopped,1.0
326,textmapworld,qwen3.5-4b,medium_cycle,instance_00034,turns_limit,0.0
327,textmapworld,qwen3.5-4b,medium_cycle,instance_00034,loops,0.0
328,textmapworld,qwen3.5-4b,medium_cycle,instance_00034,number_visited,2.0
329,textmapworld,qwen3.5-4b,medium_cycle,instance_00034,seen,3.0
330,textmapworld,qwen3.5-4b,medium_cycle,instance_00034,efficiency,50.0
331,textmapworld,qwen3.5-4b,medium_cycle,instance_00034,exploration,33.33333333333333
332,textmapworld,qwen3.5-4b,medium_cycle,instance_00034,Main Score,40.0
333,textmapworld,qwen3.5-4b,medium,instance_00010,Success,0.0
334,textmapworld,qwen3.5-4b,medium,instance_00010,Aborted,0.0
335,textmapworld,qwen3.5-4b,medium,instance_00010,Lose,1.0
336,textmapworld,qwen3.5-4b,medium,instance_00010,moves,3.0
337,textmapworld,qwen3.5-4b,medium,instance_00010,valid_moves,3.0
338,textmapworld,qwen3.5-4b,medium,instance_00010,invalid_moves,0.0
339,textmapworld,qwen3.5-4b,medium,instance_00010,stopped,1.0
340,textmapworld,qwen3.5-4b,medium,instance_00010,turns_limit,0.0
341,textmapworld,qwen3.5-4b,medium,instance_00010,loops,1.0
342,textmapworld,qwen3.5-4b,medium,instance_00010,number_visited,2.0
343,textmapworld,qwen3.5-4b,medium,instance_00010,seen,3.0
344,textmapworld,qwen3.5-4b,medium,instance_00010,efficiency,66.66666666666666
345,textmapworld,qwen3.5-4b,medium,instance_00010,exploration,33.33333333333333
346,textmapworld,qwen3.5-4b,medium,instance_00010,Main Score,44.44444444444444
347,referencegame,qwen3.5-4b,random_grids,instance_00005,Generated Expression Length,305.0
348,referencegame,qwen3.5-4b,random_grids,instance_00005,Generated Expression Number of Tokens,67.0
349,referencegame,qwen3.5-4b,random_grids,instance_00005,Aborted at Player 1,0.0
350,referencegame,qwen3.5-4b,random_grids,instance_00005,Aborted at Player 2,0.0
351,referencegame,qwen3.5-4b,random_grids,instance_00005,Request Count,2.0
352,referencegame,qwen3.5-4b,random_grids,instance_00005,Parsed Request Count,2.0
353,referencegame,qwen3.5-4b,random_grids,instance_00005,Violated Request Count,0.0
354,referencegame,qwen3.5-4b,random_grids,instance_00005,Aborted,0.0
355,referencegame,qwen3.5-4b,random_grids,instance_00005,Success,0.0
356,referencegame,qwen3.5-4b,random_grids,instance_00005,Lose,1.0
357,referencegame,qwen3.5-4b,random_grids,instance_00005,Main Score,0.0
358,referencegame,qwen3.5-4b,random_grids,instance_00005,Request Success Ratio,1.0
359,referencegame,qwen3.5-4b,line_grids_columns,instance_00013,Generated Expression Length,246.0
360,referencegame,qwen3.5-4b,line_grids_columns,instance_00013,Generated Expression Number of Tokens,43.0
361,referencegame,qwen3.5-4b,line_grids_columns,instance_00013,Aborted at Player 1,0.0
362,referencegame,qwen3.5-4b,line_grids_columns,instance_00013,Aborted at Player 2,0.0
363,referencegame,qwen3.5-4b,line_grids_columns,instance_00013,Request Count,2.0
364,referencegame,qwen3.5-4b,line_grids_columns,instance_00013,Parsed Request Count,2.0
365,referencegame,qwen3.5-4b,line_grids_columns,instance_00013,Violated Request Count,0.0
366,referencegame,qwen3.5-4b,line_grids_columns,instance_00013,Aborted,0.0
367,referencegame,qwen3.5-4b,line_grids_columns,instance_00013,Success,1.0
368,referencegame,qwen3.5-4b,line_grids_columns,instance_00013,Lose,0.0
369,referencegame,qwen3.5-4b,line_grids_columns,instance_00013,Main Score,100.0
370,referencegame,qwen3.5-4b,line_grids_columns,instance_00013,Request Success Ratio,1.0
371,referencegame,qwen3.5-4b,number_grids,instance_00017,Generated Expression Length,211.0
372,referencegame,qwen3.5-4b,number_grids,instance_00017,Generated Expression Number of Tokens,39.0
373,referencegame,qwen3.5-4b,number_grids,instance_00017,Aborted at Player 1,0.0
374,referencegame,qwen3.5-4b,number_grids,instance_00017,Aborted at Player 2,0.0
375,referencegame,qwen3.5-4b,number_grids,instance_00017,Request Count,2.0
376,referencegame,qwen3.5-4b,number_grids,instance_00017,Parsed Request Count,2.0
377,referencegame,qwen3.5-4b,number_grids,instance_00017,Violated Request Count,0.0
378,referencegame,qwen3.5-4b,number_grids,instance_00017,Aborted,0.0
379,referencegame,qwen3.5-4b,number_grids,instance_00017,Success,1.0
380,referencegame,qwen3.5-4b,number_grids,instance_00017,Lose,0.0
381,referencegame,qwen3.5-4b,number_grids,instance_00017,Main Score,100.0
382,referencegame,qwen3.5-4b,number_grids,instance_00017,Request Success Ratio,1.0
383,referencegame,qwen3.5-4b,line_grids_rows,instance_00017,Generated Expression Length,202.0
384,referencegame,qwen3.5-4b,line_grids_rows,instance_00017,Generated Expression Number of Tokens,34.0
385,referencegame,qwen3.5-4b,line_grids_rows,instance_00017,Aborted at Player 1,0.0
386,referencegame,qwen3.5-4b,line_grids_rows,instance_00017,Aborted at Player 2,0.0
387,referencegame,qwen3.5-4b,line_grids_rows,instance_00017,Request Count,2.0
388,referencegame,qwen3.5-4b,line_grids_rows,instance_00017,Parsed Request Count,2.0
389,referencegame,qwen3.5-4b,line_grids_rows,instance_00017,Violated Request Count,0.0
390,referencegame,qwen3.5-4b,line_grids_rows,instance_00017,Aborted,0.0
391,referencegame,qwen3.5-4b,line_grids_rows,instance_00017,Success,0.0
392,referencegame,qwen3.5-4b,line_grids_rows,instance_00017,Lose,1.0
393,referencegame,qwen3.5-4b,line_grids_rows,instance_00017,Main Score,0.0
394,referencegame,qwen3.5-4b,line_grids_rows,instance_00017,Request Success Ratio,1.0
395,referencegame,qwen3.5-4b,letter_grids,instance_00012,Generated Expression Length,159.0
396,referencegame,qwen3.5-4b,letter_grids,instance_00012,Generated Expression Number of Tokens,30.0
397,referencegame,qwen3.5-4b,letter_grids,instance_00012,Aborted at Player 1,0.0
398,referencegame,qwen3.5-4b,letter_grids,instance_00012,Aborted at Player 2,0.0
399,referencegame,qwen3.5-4b,letter_grids,instance_00012,Request Count,2.0
400,referencegame,qwen3.5-4b,letter_grids,instance_00012,Parsed Request Count,2.0
401,referencegame,qwen3.5-4b,letter_grids,instance_00012,Violated Request Count,0.0
402,referencegame,qwen3.5-4b,letter_grids,instance_00012,Aborted,0.0
403,referencegame,qwen3.5-4b,letter_grids,instance_00012,Success,1.0
404,referencegame,qwen3.5-4b,letter_grids,instance_00012,Lose,0.0
405,referencegame,qwen3.5-4b,letter_grids,instance_00012,Main Score,100.0
406,referencegame,qwen3.5-4b,letter_grids,instance_00012,Request Success Ratio,1.0
407,textmapworld_specificroom,qwen3.5-4b,on,instance_00000,Success,1.0
408,textmapworld_specificroom,qwen3.5-4b,on,instance_00000,Aborted,0.0
409,textmapworld_specificroom,qwen3.5-4b,on,instance_00000,Lose,0.0
410,textmapworld_specificroom,qwen3.5-4b,on,instance_00000,moves,6.0
411,textmapworld_specificroom,qwen3.5-4b,on,instance_00000,valid_moves,6.0
412,textmapworld_specificroom,qwen3.5-4b,on,instance_00000,invalid_moves,0.0
413,textmapworld_specificroom,qwen3.5-4b,on,instance_00000,stopped,1.0
414,textmapworld_specificroom,qwen3.5-4b,on,instance_00000,turns_limit,0.0
415,textmapworld_specificroom,qwen3.5-4b,on,instance_00000,loops,0.0
416,textmapworld_specificroom,qwen3.5-4b,on,instance_00000,number_visited,4.0
417,textmapworld_specificroom,qwen3.5-4b,on,instance_00000,seen,6.0
418,textmapworld_specificroom,qwen3.5-4b,on,instance_00000,efficiency,50.0
419,textmapworld_specificroom,qwen3.5-4b,on,instance_00000,exploration,50.0
420,textmapworld_specificroom,qwen3.5-4b,on,instance_00000,old_benchscore,50.0
421,textmapworld_specificroom,qwen3.5-4b,on,instance_00000,Main Score,100.0
422,textmapworld_specificroom,qwen3.5-4b,far,instance_00027,Aborted,1.0
423,textmapworld_specificroom,qwen3.5-4b,far,instance_00027,Success,0.0
424,textmapworld_specificroom,qwen3.5-4b,far,instance_00027,Lose,0.0
425,textmapworld_specificroom,qwen3.5-4b,far,instance_00027,moves,
426,textmapworld_specificroom,qwen3.5-4b,far,instance_00027,valid_moves,
427,textmapworld_specificroom,qwen3.5-4b,far,instance_00027,invalid_moves,
428,textmapworld_specificroom,qwen3.5-4b,far,instance_00027,stopped,
429,textmapworld_specificroom,qwen3.5-4b,far,instance_00027,turns_limit,
430,textmapworld_specificroom,qwen3.5-4b,far,instance_00027,loops,
431,textmapworld_specificroom,qwen3.5-4b,far,instance_00027,number_visited,
432,textmapworld_specificroom,qwen3.5-4b,far,instance_00027,seen,
433,textmapworld_specificroom,qwen3.5-4b,far,instance_00027,efficiency,
434,textmapworld_specificroom,qwen3.5-4b,far,instance_00027,exploration,
435,textmapworld_specificroom,qwen3.5-4b,far,instance_00027,old_benchscore,
436,textmapworld_specificroom,qwen3.5-4b,far,instance_00027,Main Score,
437,textmapworld_specificroom,qwen3.5-4b,close,instance_00017,Aborted,1.0
438,textmapworld_specificroom,qwen3.5-4b,close,instance_00017,Success,0.0
439,textmapworld_specificroom,qwen3.5-4b,close,instance_00017,Lose,0.0
440,textmapworld_specificroom,qwen3.5-4b,close,instance_00017,moves,
441,textmapworld_specificroom,qwen3.5-4b,close,instance_00017,valid_moves,
442,textmapworld_specificroom,qwen3.5-4b,close,instance_00017,invalid_moves,
443,textmapworld_specificroom,qwen3.5-4b,close,instance_00017,stopped,
444,textmapworld_specificroom,qwen3.5-4b,close,instance_00017,turns_limit,
445,textmapworld_specificroom,qwen3.5-4b,close,instance_00017,loops,
446,textmapworld_specificroom,qwen3.5-4b,close,instance_00017,number_visited,
447,textmapworld_specificroom,qwen3.5-4b,close,instance_00017,seen,
448,textmapworld_specificroom,qwen3.5-4b,close,instance_00017,efficiency,
449,textmapworld_specificroom,qwen3.5-4b,close,instance_00017,exploration,
450,textmapworld_specificroom,qwen3.5-4b,close,instance_00017,old_benchscore,
451,textmapworld_specificroom,qwen3.5-4b,close,instance_00017,Main Score,
452,imagegame,qwen3.5-4b,random_grids,instance_00014,Precision,100.0
453,imagegame,qwen3.5-4b,random_grids,instance_00014,Recall,60.0
454,imagegame,qwen3.5-4b,random_grids,instance_00014,F1,75.0
455,imagegame,qwen3.5-4b,random_grids,instance_00014,Main Score,75.0
456,imagegame,qwen3.5-4b,random_grids,instance_00014,Average Changed Cell Count,1.0
457,imagegame,qwen3.5-4b,random_grids,instance_00014,Average Generated Instruction Length,44.0
458,imagegame,qwen3.5-4b,random_grids,instance_00014,Average Generated Expression Number of Tokens,9.0
459,imagegame,qwen3.5-4b,random_grids,instance_00014,Success,0.0
460,imagegame,qwen3.5-4b,random_grids,instance_00014,Lose,1.0
461,imagegame,qwen3.5-4b,random_grids,instance_00014,Aborted,0.0
462,imagegame,qwen3.5-4b,random_grids,instance_00014,Request Count,20.0
463,imagegame,qwen3.5-4b,random_grids,instance_00014,Violated Request Count,0.0
464,imagegame,qwen3.5-4b,random_grids,instance_00014,Parsed Request Count,20.0
465,imagegame,qwen3.5-4b,random_grids,instance_00014,Request Success Ratio,1.0
466,imagegame,qwen3.5-4b,random_grids,instance_00016,Precision,86.0
467,imagegame,qwen3.5-4b,random_grids,instance_00016,Recall,75.0
468,imagegame,qwen3.5-4b,random_grids,instance_00016,F1,80.0
469,imagegame,qwen3.5-4b,random_grids,instance_00016,Main Score,80.0
470,imagegame,qwen3.5-4b,random_grids,instance_00016,Average Changed Cell Count,1.0
471,imagegame,qwen3.5-4b,random_grids,instance_00016,Average Generated Instruction Length,42.8571
472,imagegame,qwen3.5-4b,random_grids,instance_00016,Average Generated Expression Number of Tokens,9.0
473,imagegame,qwen3.5-4b,random_grids,instance_00016,Success,0.0
474,imagegame,qwen3.5-4b,random_grids,instance_00016,Lose,1.0
475,imagegame,qwen3.5-4b,random_grids,instance_00016,Aborted,0.0
476,imagegame,qwen3.5-4b,random_grids,instance_00016,Request Count,44.0
477,imagegame,qwen3.5-4b,random_grids,instance_00016,Violated Request Count,0.0
478,imagegame,qwen3.5-4b,random_grids,instance_00016,Parsed Request Count,44.0
479,imagegame,qwen3.5-4b,random_grids,instance_00016,Request Success Ratio,1.0
480,imagegame,qwen3.5-4b,compact_grids,instance_00019,Precision,83.0
481,imagegame,qwen3.5-4b,compact_grids,instance_00019,Recall,67.0
482,imagegame,qwen3.5-4b,compact_grids,instance_00019,F1,74.0
483,imagegame,qwen3.5-4b,compact_grids,instance_00019,Main Score,74.0
484,imagegame,qwen3.5-4b,compact_grids,instance_00019,Average Changed Cell Count,1.0
485,imagegame,qwen3.5-4b,compact_grids,instance_00019,Average Generated Instruction Length,43.5833
486,imagegame,qwen3.5-4b,compact_grids,instance_00019,Average Generated Expression Number of Tokens,9.0
487,imagegame,qwen3.5-4b,compact_grids,instance_00019,Success,0.0
488,imagegame,qwen3.5-4b,compact_grids,instance_00019,Lose,1.0
489,imagegame,qwen3.5-4b,compact_grids,instance_00019,Aborted,0.0
490,imagegame,qwen3.5-4b,compact_grids,instance_00019,Request Count,74.0
491,imagegame,qwen3.5-4b,compact_grids,instance_00019,Violated Request Count,0.0
492,imagegame,qwen3.5-4b,compact_grids,instance_00019,Parsed Request Count,74.0
493,imagegame,qwen3.5-4b,compact_grids,instance_00019,Request Success Ratio,1.0
494,imagegame,qwen3.5-4b,compact_grids,instance_00002,Precision,78.0
495,imagegame,qwen3.5-4b,compact_grids,instance_00002,Recall,54.0
496,imagegame,qwen3.5-4b,compact_grids,instance_00002,F1,64.0
497,imagegame,qwen3.5-4b,compact_grids,instance_00002,Main Score,64.0
498,imagegame,qwen3.5-4b,compact_grids,instance_00002,Average Changed Cell Count,1.0
499,imagegame,qwen3.5-4b,compact_grids,instance_00002,Average Generated Instruction Length,42.0
500,imagegame,qwen3.5-4b,compact_grids,instance_00002,Average Generated Expression Number of Tokens,9.0
501,imagegame,qwen3.5-4b,compact_grids,instance_00002,Success,0.0
502,imagegame,qwen3.5-4b,compact_grids,instance_00002,Lose,1.0
503,imagegame,qwen3.5-4b,compact_grids,instance_00002,Aborted,0.0
504,imagegame,qwen3.5-4b,compact_grids,instance_00002,Request Count,56.0
505,imagegame,qwen3.5-4b,compact_grids,instance_00002,Violated Request Count,0.0
506,imagegame,qwen3.5-4b,compact_grids,instance_00002,Parsed Request Count,56.0
507,imagegame,qwen3.5-4b,compact_grids,instance_00002,Request Success Ratio,1.0
508,textmapworld_graphreasoning,qwen3.5-4b,small,instance_00009,Success,0.0
509,textmapworld_graphreasoning,qwen3.5-4b,small,instance_00009,Aborted,0.0
510,textmapworld_graphreasoning,qwen3.5-4b,small,instance_00009,Lose,1.0
511,textmapworld_graphreasoning,qwen3.5-4b,small,instance_00009,moves,8.0
512,textmapworld_graphreasoning,qwen3.5-4b,small,instance_00009,valid_moves,8.0
513,textmapworld_graphreasoning,qwen3.5-4b,small,instance_00009,invalid_moves,0.0
514,textmapworld_graphreasoning,qwen3.5-4b,small,instance_00009,stopped,1.0
515,textmapworld_graphreasoning,qwen3.5-4b,small,instance_00009,turns_limit,0.0
516,textmapworld_graphreasoning,qwen3.5-4b,small,instance_00009,loops,1.0
517,textmapworld_graphreasoning,qwen3.5-4b,small,instance_00009,number_visited,3.0
518,textmapworld_graphreasoning,qwen3.5-4b,small,instance_00009,seen,4.0
519,textmapworld_graphreasoning,qwen3.5-4b,small,instance_00009,efficiency,37.5
520,textmapworld_graphreasoning,qwen3.5-4b,small,instance_00009,exploration,75.0
521,textmapworld_graphreasoning,qwen3.5-4b,small,instance_00009,graph_similarity,36.48510476127127
522,textmapworld_graphreasoning,qwen3.5-4b,small,instance_00009,Main Score,50.0
523,textmapworld_graphreasoning,qwen3.5-4b,large,instance_00028,Success,1.0
524,textmapworld_graphreasoning,qwen3.5-4b,large,instance_00028,Aborted,0.0
525,textmapworld_graphreasoning,qwen3.5-4b,large,instance_00028,Lose,0.0
526,textmapworld_graphreasoning,qwen3.5-4b,large,instance_00028,moves,17.0
527,textmapworld_graphreasoning,qwen3.5-4b,large,instance_00028,valid_moves,17.0
528,textmapworld_graphreasoning,qwen3.5-4b,large,instance_00028,invalid_moves,0.0
529,textmapworld_graphreasoning,qwen3.5-4b,large,instance_00028,stopped,1.0
530,textmapworld_graphreasoning,qwen3.5-4b,large,instance_00028,turns_limit,0.0
531,textmapworld_graphreasoning,qwen3.5-4b,large,instance_00028,loops,1.0
532,textmapworld_graphreasoning,qwen3.5-4b,large,instance_00028,number_visited,8.0
533,textmapworld_graphreasoning,qwen3.5-4b,large,instance_00028,seen,8.0
534,textmapworld_graphreasoning,qwen3.5-4b,large,instance_00028,efficiency,76.47058823529412
535,textmapworld_graphreasoning,qwen3.5-4b,large,instance_00028,exploration,100.0
536,textmapworld_graphreasoning,qwen3.5-4b,large,instance_00028,graph_similarity,53.78828427399902
537,textmapworld_graphreasoning,qwen3.5-4b,large,instance_00028,Main Score,86.66666666666667
538,textmapworld_graphreasoning,qwen3.5-4b,medium,instance_00010,Success,0.0
539,textmapworld_graphreasoning,qwen3.5-4b,medium,instance_00010,Aborted,0.0
540,textmapworld_graphreasoning,qwen3.5-4b,medium,instance_00010,Lose,1.0
541,textmapworld_graphreasoning,qwen3.5-4b,medium,instance_00010,moves,7.0
542,textmapworld_graphreasoning,qwen3.5-4b,medium,instance_00010,valid_moves,7.0
543,textmapworld_graphreasoning,qwen3.5-4b,medium,instance_00010,invalid_moves,0.0
544,textmapworld_graphreasoning,qwen3.5-4b,medium,instance_00010,stopped,1.0
545,textmapworld_graphreasoning,qwen3.5-4b,medium,instance_00010,turns_limit,0.0
546,textmapworld_graphreasoning,qwen3.5-4b,medium,instance_00010,loops,5.0
547,textmapworld_graphreasoning,qwen3.5-4b,medium,instance_00010,number_visited,2.0
548,textmapworld_graphreasoning,qwen3.5-4b,medium,instance_00010,seen,3.0
549,textmapworld_graphreasoning,qwen3.5-4b,medium,instance_00010,efficiency,57.14285714285714
550,textmapworld_graphreasoning,qwen3.5-4b,medium,instance_00010,exploration,33.33333333333333
551,textmapworld_graphreasoning,qwen3.5-4b,medium,instance_00010,graph_similarity,3.5972419924183097
552,textmapworld_graphreasoning,qwen3.5-4b,medium,instance_00010,Main Score,42.10526315789473
553,codenames,qwen3.5-4b,association_difficult,instance_00000,experiment variable,Word Assignments
554,codenames,qwen3.5-4b,association_difficult,instance_00000,experiment name,association_difficult
555,codenames,qwen3.5-4b,association_difficult,instance_00000,Cluegiver strip words,0
556,codenames,qwen3.5-4b,association_difficult,instance_00000,Guesser strip words,0
557,codenames,qwen3.5-4b,association_difficult,instance_00000,Average Cluegiver Number of Targets,0
558,codenames,qwen3.5-4b,association_difficult,instance_00000,Average Cluegiver Team Precision,0
559,codenames,qwen3.5-4b,association_difficult,instance_00000,Average Cluegiver Team Recall,0.0
560,codenames,qwen3.5-4b,association_difficult,instance_00000,Average Cluegiver Team F1,0
561,codenames,qwen3.5-4b,association_difficult,instance_00000,Average Guesser Number of Guesses,0
562,codenames,qwen3.5-4b,association_difficult,instance_00000,Average Guesser Number of Revealed Words,0
563,codenames,qwen3.5-4b,association_difficult,instance_00000,Average Guesser Number of Unrevealed Guesses,0
564,codenames,qwen3.5-4b,association_difficult,instance_00000,Average Guesser Target Precision,0
565,codenames,qwen3.5-4b,association_difficult,instance_00000,Average Guesser Target Recall,0
566,codenames,qwen3.5-4b,association_difficult,instance_00000,Average Guesser Target F1,0
567,codenames,qwen3.5-4b,association_difficult,instance_00000,Average Guesser Team Precision,0
568,codenames,qwen3.5-4b,association_difficult,instance_00000,Average Guesser Team Recall,0.0
569,codenames,qwen3.5-4b,association_difficult,instance_00000,Average Guesser Team F1,0
570,codenames,qwen3.5-4b,association_difficult,instance_00000,Aborted,1
571,codenames,qwen3.5-4b,association_difficult,instance_00000,Lose,0
572,codenames,qwen3.5-4b,association_difficult,instance_00000,Success,0
573,codenames,qwen3.5-4b,association_difficult,instance_00000,Game ended through assassin,0
574,codenames,qwen3.5-4b,association_difficult,instance_00000,Episode Recall,0.0
575,codenames,qwen3.5-4b,association_difficult,instance_00000,Episode Negative Recall,1.0
576,codenames,qwen3.5-4b,association_difficult,instance_00000,Number of turns,1
577,codenames,qwen3.5-4b,association_difficult,instance_00000,Efficiency,0.0
578,codenames,qwen3.5-4b,association_difficult,instance_00000,Request Count,1
579,codenames,qwen3.5-4b,association_difficult,instance_00000,Parsed Request Count,0
580,codenames,qwen3.5-4b,association_difficult,instance_00000,Violated Request Count,1
581,codenames,qwen3.5-4b,association_difficult,instance_00000,Request Success Ratio,0.0
582,codenames,qwen3.5-4b,association_difficult,instance_00000,Main Score,
583,codenames,qwen3.5-4b,risk_low,instance_00008,experiment variable,Risk
584,codenames,qwen3.5-4b,risk_low,instance_00008,experiment name,risk_low
585,codenames,qwen3.5-4b,risk_low,instance_00008,Cluegiver strip words,0
586,codenames,qwen3.5-4b,risk_low,instance_00008,Guesser strip words,0
587,codenames,qwen3.5-4b,risk_low,instance_00008,Average Cluegiver Number of Targets,0
588,codenames,qwen3.5-4b,risk_low,instance_00008,Average Cluegiver Team Precision,0
589,codenames,qwen3.5-4b,risk_low,instance_00008,Average Cluegiver Team Recall,0.0
590,codenames,qwen3.5-4b,risk_low,instance_00008,Average Cluegiver Team F1,0
591,codenames,qwen3.5-4b,risk_low,instance_00008,Average Guesser Number of Guesses,0
592,codenames,qwen3.5-4b,risk_low,instance_00008,Average Guesser Number of Revealed Words,0
593,codenames,qwen3.5-4b,risk_low,instance_00008,Average Guesser Number of Unrevealed Guesses,0
594,codenames,qwen3.5-4b,risk_low,instance_00008,Average Guesser Target Precision,0
595,codenames,qwen3.5-4b,risk_low,instance_00008,Average Guesser Target Recall,0
596,codenames,qwen3.5-4b,risk_low,instance_00008,Average Guesser Target F1,0
597,codenames,qwen3.5-4b,risk_low,instance_00008,Average Guesser Team Precision,0
598,codenames,qwen3.5-4b,risk_low,instance_00008,Average Guesser Team Recall,0.0
599,codenames,qwen3.5-4b,risk_low,instance_00008,Average Guesser Team F1,0
600,codenames,qwen3.5-4b,risk_low,instance_00008,Aborted,1
601,codenames,qwen3.5-4b,risk_low,instance_00008,Lose,0
602,codenames,qwen3.5-4b,risk_low,instance_00008,Success,0
603,codenames,qwen3.5-4b,risk_low,instance_00008,Game ended through assassin,0
604,codenames,qwen3.5-4b,risk_low,instance_00008,Episode Recall,0.0
605,codenames,qwen3.5-4b,risk_low,instance_00008,Episode Negative Recall,1.0
606,codenames,qwen3.5-4b,risk_low,instance_00008,Number of turns,1
607,codenames,qwen3.5-4b,risk_low,instance_00008,Efficiency,0.0
608,codenames,qwen3.5-4b,risk_low,instance_00008,Request Count,1
609,codenames,qwen3.5-4b,risk_low,instance_00008,Parsed Request Count,0
610,codenames,qwen3.5-4b,risk_low,instance_00008,Violated Request Count,1
611,codenames,qwen3.5-4b,risk_low,instance_00008,Request Success Ratio,0.0
612,codenames,qwen3.5-4b,risk_low,instance_00008,Main Score,
613,codenames,qwen3.5-4b,ambiguous,instance_00001,experiment variable,Word Ambiguity
614,codenames,qwen3.5-4b,ambiguous,instance_00001,experiment name,ambiguous
615,codenames,qwen3.5-4b,ambiguous,instance_00001,Cluegiver strip words,0
616,codenames,qwen3.5-4b,ambiguous,instance_00001,Guesser strip words,0
617,codenames,qwen3.5-4b,ambiguous,instance_00001,Average Cluegiver Number of Targets,0
618,codenames,qwen3.5-4b,ambiguous,instance_00001,Average Cluegiver Team Precision,0
619,codenames,qwen3.5-4b,ambiguous,instance_00001,Average Cluegiver Team Recall,0.0
620,codenames,qwen3.5-4b,ambiguous,instance_00001,Average Cluegiver Team F1,0
621,codenames,qwen3.5-4b,ambiguous,instance_00001,Average Guesser Number of Guesses,0
622,codenames,qwen3.5-4b,ambiguous,instance_00001,Average Guesser Number of Revealed Words,0
623,codenames,qwen3.5-4b,ambiguous,instance_00001,Average Guesser Number of Unrevealed Guesses,0
624,codenames,qwen3.5-4b,ambiguous,instance_00001,Average Guesser Target Precision,0
625,codenames,qwen3.5-4b,ambiguous,instance_00001,Average Guesser Target Recall,0
626,codenames,qwen3.5-4b,ambiguous,instance_00001,Average Guesser Target F1,0
627,codenames,qwen3.5-4b,ambiguous,instance_00001,Average Guesser Team Precision,0
628,codenames,qwen3.5-4b,ambiguous,instance_00001,Average Guesser Team Recall,0.0
629,codenames,qwen3.5-4b,ambiguous,instance_00001,Average Guesser Team F1,0
630,codenames,qwen3.5-4b,ambiguous,instance_00001,Aborted,1
631,codenames,qwen3.5-4b,ambiguous,instance_00001,Lose,0
632,codenames,qwen3.5-4b,ambiguous,instance_00001,Success,0
633,codenames,qwen3.5-4b,ambiguous,instance_00001,Game ended through assassin,0
634,codenames,qwen3.5-4b,ambiguous,instance_00001,Episode Recall,0.0
635,codenames,qwen3.5-4b,ambiguous,instance_00001,Episode Negative Recall,1.0
636,codenames,qwen3.5-4b,ambiguous,instance_00001,Number of turns,1
637,codenames,qwen3.5-4b,ambiguous,instance_00001,Efficiency,0.0
638,codenames,qwen3.5-4b,ambiguous,instance_00001,Request Count,1
639,codenames,qwen3.5-4b,ambiguous,instance_00001,Parsed Request Count,0
640,codenames,qwen3.5-4b,ambiguous,instance_00001,Violated Request Count,1
641,codenames,qwen3.5-4b,ambiguous,instance_00001,Request Success Ratio,0.0
642,codenames,qwen3.5-4b,ambiguous,instance_00001,Main Score,
643,codenames,qwen3.5-4b,opponent_difficult,instance_00007,experiment variable,Opponent Difficulty
644,codenames,qwen3.5-4b,opponent_difficult,instance_00007,experiment name,opponent_difficult
645,codenames,qwen3.5-4b,opponent_difficult,instance_00007,Cluegiver strip words,0
646,codenames,qwen3.5-4b,opponent_difficult,instance_00007,Guesser strip words,0
647,codenames,qwen3.5-4b,opponent_difficult,instance_00007,Average Cluegiver Number of Targets,0
648,codenames,qwen3.5-4b,opponent_difficult,instance_00007,Average Cluegiver Team Precision,0
649,codenames,qwen3.5-4b,opponent_difficult,instance_00007,Average Cluegiver Team Recall,0.0
650,codenames,qwen3.5-4b,opponent_difficult,instance_00007,Average Cluegiver Team F1,0
651,codenames,qwen3.5-4b,opponent_difficult,instance_00007,Average Guesser Number of Guesses,0
652,codenames,qwen3.5-4b,opponent_difficult,instance_00007,Average Guesser Number of Revealed Words,0
653,codenames,qwen3.5-4b,opponent_difficult,instance_00007,Average Guesser Number of Unrevealed Guesses,0
654,codenames,qwen3.5-4b,opponent_difficult,instance_00007,Average Guesser Target Precision,0
655,codenames,qwen3.5-4b,opponent_difficult,instance_00007,Average Guesser Target Recall,0
656,codenames,qwen3.5-4b,opponent_difficult,instance_00007,Average Guesser Target F1,0
657,codenames,qwen3.5-4b,opponent_difficult,instance_00007,Average Guesser Team Precision,0
658,codenames,qwen3.5-4b,opponent_difficult,instance_00007,Average Guesser Team Recall,0.0
659,codenames,qwen3.5-4b,opponent_difficult,instance_00007,Average Guesser Team F1,0
660,codenames,qwen3.5-4b,opponent_difficult,instance_00007,Aborted,1
661,codenames,qwen3.5-4b,opponent_difficult,instance_00007,Lose,0
662,codenames,qwen3.5-4b,opponent_difficult,instance_00007,Success,0
663,codenames,qwen3.5-4b,opponent_difficult,instance_00007,Game ended through assassin,0
664,codenames,qwen3.5-4b,opponent_difficult,instance_00007,Episode Recall,0.0
665,codenames,qwen3.5-4b,opponent_difficult,instance_00007,Episode Negative Recall,1.0
666,codenames,qwen3.5-4b,opponent_difficult,instance_00007,Number of turns,1
667,codenames,qwen3.5-4b,opponent_difficult,instance_00007,Efficiency,0.0
668,codenames,qwen3.5-4b,opponent_difficult,instance_00007,Request Count,1
669,codenames,qwen3.5-4b,opponent_difficult,instance_00007,Parsed Request Count,0
670,codenames,qwen3.5-4b,opponent_difficult,instance_00007,Violated Request Count,1
671,codenames,qwen3.5-4b,opponent_difficult,instance_00007,Request Success Ratio,0.0
672,codenames,qwen3.5-4b,opponent_difficult,instance_00007,Main Score,
673,codenames,qwen3.5-4b,risk_high,instance_00009,experiment variable,Risk
674,codenames,qwen3.5-4b,risk_high,instance_00009,experiment name,risk_high
675,codenames,qwen3.5-4b,risk_high,instance_00009,Cluegiver strip words,0
676,codenames,qwen3.5-4b,risk_high,instance_00009,Guesser strip words,0
677,codenames,qwen3.5-4b,risk_high,instance_00009,Average Cluegiver Number of Targets,0
678,codenames,qwen3.5-4b,risk_high,instance_00009,Average Cluegiver Team Precision,0
679,codenames,qwen3.5-4b,risk_high,instance_00009,Average Cluegiver Team Recall,0.0
680,codenames,qwen3.5-4b,risk_high,instance_00009,Average Cluegiver Team F1,0
681,codenames,qwen3.5-4b,risk_high,instance_00009,Average Guesser Number of Guesses,0
682,codenames,qwen3.5-4b,risk_high,instance_00009,Average Guesser Number of Revealed Words,0
683,codenames,qwen3.5-4b,risk_high,instance_00009,Average Guesser Number of Unrevealed Guesses,0
684,codenames,qwen3.5-4b,risk_high,instance_00009,Average Guesser Target Precision,0
685,codenames,qwen3.5-4b,risk_high,instance_00009,Average Guesser Target Recall,0
686,codenames,qwen3.5-4b,risk_high,instance_00009,Average Guesser Target F1,0
687,codenames,qwen3.5-4b,risk_high,instance_00009,Average Guesser Team Precision,0
688,codenames,qwen3.5-4b,risk_high,instance_00009,Average Guesser Team Recall,0.0
689,codenames,qwen3.5-4b,risk_high,instance_00009,Average Guesser Team F1,0
690,codenames,qwen3.5-4b,risk_high,instance_00009,Aborted,1
691,codenames,qwen3.5-4b,risk_high,instance_00009,Lose,0
692,codenames,qwen3.5-4b,risk_high,instance_00009,Success,0
693,codenames,qwen3.5-4b,risk_high,instance_00009,Game ended through assassin,0
694,codenames,qwen3.5-4b,risk_high,instance_00009,Episode Recall,0.0
695,codenames,qwen3.5-4b,risk_high,instance_00009,Episode Negative Recall,1.0
696,codenames,qwen3.5-4b,risk_high,instance_00009,Number of turns,1
697,codenames,qwen3.5-4b,risk_high,instance_00009,Efficiency,0.0
698,codenames,qwen3.5-4b,risk_high,instance_00009,Request Count,1
699,codenames,qwen3.5-4b,risk_high,instance_00009,Parsed Request Count,0
700,codenames,qwen3.5-4b,risk_high,instance_00009,Violated Request Count,1
701,codenames,qwen3.5-4b,risk_high,instance_00009,Request Success Ratio,0.0
702,codenames,qwen3.5-4b,risk_high,instance_00009,Main Score,
703,codenames,qwen3.5-4b,abstract,instance_00007,experiment variable,Word Concreteness
704,codenames,qwen3.5-4b,abstract,instance_00007,experiment name,abstract
705,codenames,qwen3.5-4b,abstract,instance_00007,Cluegiver strip words,0
706,codenames,qwen3.5-4b,abstract,instance_00007,Guesser strip words,0
707,codenames,qwen3.5-4b,abstract,instance_00007,Average Cluegiver Number of Targets,0
708,codenames,qwen3.5-4b,abstract,instance_00007,Average Cluegiver Team Precision,0
709,codenames,qwen3.5-4b,abstract,instance_00007,Average Cluegiver Team Recall,0.0
710,codenames,qwen3.5-4b,abstract,instance_00007,Average Cluegiver Team F1,0
711,codenames,qwen3.5-4b,abstract,instance_00007,Average Guesser Number of Guesses,0
712,codenames,qwen3.5-4b,abstract,instance_00007,Average Guesser Number of Revealed Words,0
713,codenames,qwen3.5-4b,abstract,instance_00007,Average Guesser Number of Unrevealed Guesses,0
714,codenames,qwen3.5-4b,abstract,instance_00007,Average Guesser Target Precision,0
715,codenames,qwen3.5-4b,abstract,instance_00007,Average Guesser Target Recall,0
716,codenames,qwen3.5-4b,abstract,instance_00007,Average Guesser Target F1,0
717,codenames,qwen3.5-4b,abstract,instance_00007,Average Guesser Team Precision,0
718,codenames,qwen3.5-4b,abstract,instance_00007,Average Guesser Team Recall,0.0
719,codenames,qwen3.5-4b,abstract,instance_00007,Average Guesser Team F1,0
720,codenames,qwen3.5-4b,abstract,instance_00007,Aborted,1
721,codenames,qwen3.5-4b,abstract,instance_00007,Lose,0
722,codenames,qwen3.5-4b,abstract,instance_00007,Success,0
723,codenames,qwen3.5-4b,abstract,instance_00007,Game ended through assassin,0
724,codenames,qwen3.5-4b,abstract,instance_00007,Episode Recall,0.0
725,codenames,qwen3.5-4b,abstract,instance_00007,Episode Negative Recall,1.0
726,codenames,qwen3.5-4b,abstract,instance_00007,Number of turns,1
727,codenames,qwen3.5-4b,abstract,instance_00007,Efficiency,0.0
728,codenames,qwen3.5-4b,abstract,instance_00007,Request Count,1
729,codenames,qwen3.5-4b,abstract,instance_00007,Parsed Request Count,0
730,codenames,qwen3.5-4b,abstract,instance_00007,Violated Request Count,1
731,codenames,qwen3.5-4b,abstract,instance_00007,Request Success Ratio,0.0
732,codenames,qwen3.5-4b,abstract,instance_00007,Main Score,
733,codenames,qwen3.5-4b,association_easy,instance_00009,experiment variable,Word Assignments
734,codenames,qwen3.5-4b,association_easy,instance_00009,experiment name,association_easy
735,codenames,qwen3.5-4b,association_easy,instance_00009,Cluegiver strip words,0
736,codenames,qwen3.5-4b,association_easy,instance_00009,Guesser strip words,0
737,codenames,qwen3.5-4b,association_easy,instance_00009,Average Cluegiver Number of Targets,0
738,codenames,qwen3.5-4b,association_easy,instance_00009,Average Cluegiver Team Precision,0
739,codenames,qwen3.5-4b,association_easy,instance_00009,Average Cluegiver Team Recall,0.0
740,codenames,qwen3.5-4b,association_easy,instance_00009,Average Cluegiver Team F1,0
741,codenames,qwen3.5-4b,association_easy,instance_00009,Average Guesser Number of Guesses,0
742,codenames,qwen3.5-4b,association_easy,instance_00009,Average Guesser Number of Revealed Words,0
743,codenames,qwen3.5-4b,association_easy,instance_00009,Average Guesser Number of Unrevealed Guesses,0
744,codenames,qwen3.5-4b,association_easy,instance_00009,Average Guesser Target Precision,0
745,codenames,qwen3.5-4b,association_easy,instance_00009,Average Guesser Target Recall,0
746,codenames,qwen3.5-4b,association_easy,instance_00009,Average Guesser Target F1,0
747,codenames,qwen3.5-4b,association_easy,instance_00009,Average Guesser Team Precision,0
748,codenames,qwen3.5-4b,association_easy,instance_00009,Average Guesser Team Recall,0.0
749,codenames,qwen3.5-4b,association_easy,instance_00009,Average Guesser Team F1,0
750,codenames,qwen3.5-4b,association_easy,instance_00009,Aborted,1
751,codenames,qwen3.5-4b,association_easy,instance_00009,Lose,0
752,codenames,qwen3.5-4b,association_easy,instance_00009,Success,0
753,codenames,qwen3.5-4b,association_easy,instance_00009,Game ended through assassin,0
754,codenames,qwen3.5-4b,association_easy,instance_00009,Episode Recall,0.0
755,codenames,qwen3.5-4b,association_easy,instance_00009,Episode Negative Recall,1.0
756,codenames,qwen3.5-4b,association_easy,instance_00009,Number of turns,1
757,codenames,qwen3.5-4b,association_easy,instance_00009,Efficiency,0.0
758,codenames,qwen3.5-4b,association_easy,instance_00009,Request Count,1
759,codenames,qwen3.5-4b,association_easy,instance_00009,Parsed Request Count,0
760,codenames,qwen3.5-4b,association_easy,instance_00009,Violated Request Count,1
761,codenames,qwen3.5-4b,association_easy,instance_00009,Request Success Ratio,0.0
762,codenames,qwen3.5-4b,association_easy,instance_00009,Main Score,
763,codenames,qwen3.5-4b,opponent_easy,instance_00009,experiment variable,Opponent Difficulty
764,codenames,qwen3.5-4b,opponent_easy,instance_00009,experiment name,opponent_easy
765,codenames,qwen3.5-4b,opponent_easy,instance_00009,Cluegiver strip words,0
766,codenames,qwen3.5-4b,opponent_easy,instance_00009,Guesser strip words,0
767,codenames,qwen3.5-4b,opponent_easy,instance_00009,Average Cluegiver Number of Targets,0
768,codenames,qwen3.5-4b,opponent_easy,instance_00009,Average Cluegiver Team Precision,0
769,codenames,qwen3.5-4b,opponent_easy,instance_00009,Average Cluegiver Team Recall,0.0
770,codenames,qwen3.5-4b,opponent_easy,instance_00009,Average Cluegiver Team F1,0
771,codenames,qwen3.5-4b,opponent_easy,instance_00009,Average Guesser Number of Guesses,0
772,codenames,qwen3.5-4b,opponent_easy,instance_00009,Average Guesser Number of Revealed Words,0
773,codenames,qwen3.5-4b,opponent_easy,instance_00009,Average Guesser Number of Unrevealed Guesses,0
774,codenames,qwen3.5-4b,opponent_easy,instance_00009,Average Guesser Target Precision,0
775,codenames,qwen3.5-4b,opponent_easy,instance_00009,Average Guesser Target Recall,0
776,codenames,qwen3.5-4b,opponent_easy,instance_00009,Average Guesser Target F1,0
777,codenames,qwen3.5-4b,opponent_easy,instance_00009,Average Guesser Team Precision,0
778,codenames,qwen3.5-4b,opponent_easy,instance_00009,Average Guesser Team Recall,0.0
779,codenames,qwen3.5-4b,opponent_easy,instance_00009,Average Guesser Team F1,0
780,codenames,qwen3.5-4b,opponent_easy,instance_00009,Aborted,1
781,codenames,qwen3.5-4b,opponent_easy,instance_00009,Lose,0
782,codenames,qwen3.5-4b,opponent_easy,instance_00009,Success,0
783,codenames,qwen3.5-4b,opponent_easy,instance_00009,Game ended through assassin,0
784,codenames,qwen3.5-4b,opponent_easy,instance_00009,Episode Recall,0.0
785,codenames,qwen3.5-4b,opponent_easy,instance_00009,Episode Negative Recall,1.0
786,codenames,qwen3.5-4b,opponent_easy,instance_00009,Number of turns,1
787,codenames,qwen3.5-4b,opponent_easy,instance_00009,Efficiency,0.0
788,codenames,qwen3.5-4b,opponent_easy,instance_00009,Request Count,1
789,codenames,qwen3.5-4b,opponent_easy,instance_00009,Parsed Request Count,0
790,codenames,qwen3.5-4b,opponent_easy,instance_00009,Violated Request Count,1
791,codenames,qwen3.5-4b,opponent_easy,instance_00009,Request Success Ratio,0.0
792,codenames,qwen3.5-4b,opponent_easy,instance_00009,Main Score,
793,codenames,qwen3.5-4b,concrete,instance_00004,experiment variable,Word Concreteness
794,codenames,qwen3.5-4b,concrete,instance_00004,experiment name,concrete
795,codenames,qwen3.5-4b,concrete,instance_00004,Cluegiver strip words,0
796,codenames,qwen3.5-4b,concrete,instance_00004,Guesser strip words,0
797,codenames,qwen3.5-4b,concrete,instance_00004,Average Cluegiver Number of Targets,0
798,codenames,qwen3.5-4b,concrete,instance_00004,Average Cluegiver Team Precision,0
799,codenames,qwen3.5-4b,concrete,instance_00004,Average Cluegiver Team Recall,0.0
800,codenames,qwen3.5-4b,concrete,instance_00004,Average Cluegiver Team F1,0
801,codenames,qwen3.5-4b,concrete,instance_00004,Average Guesser Number of Guesses,0
802,codenames,qwen3.5-4b,concrete,instance_00004,Average Guesser Number of Revealed Words,0
803,codenames,qwen3.5-4b,concrete,instance_00004,Average Guesser Number of Unrevealed Guesses,0
804,codenames,qwen3.5-4b,concrete,instance_00004,Average Guesser Target Precision,0
805,codenames,qwen3.5-4b,concrete,instance_00004,Average Guesser Target Recall,0
806,codenames,qwen3.5-4b,concrete,instance_00004,Average Guesser Target F1,0
807,codenames,qwen3.5-4b,concrete,instance_00004,Average Guesser Team Precision,0
808,codenames,qwen3.5-4b,concrete,instance_00004,Average Guesser Team Recall,0.0
809,codenames,qwen3.5-4b,concrete,instance_00004,Average Guesser Team F1,0
810,codenames,qwen3.5-4b,concrete,instance_00004,Aborted,1
811,codenames,qwen3.5-4b,concrete,instance_00004,Lose,0
812,codenames,qwen3.5-4b,concrete,instance_00004,Success,0
813,codenames,qwen3.5-4b,concrete,instance_00004,Game ended through assassin,0
814,codenames,qwen3.5-4b,concrete,instance_00004,Episode Recall,0.0
815,codenames,qwen3.5-4b,concrete,instance_00004,Episode Negative Recall,1.0
816,codenames,qwen3.5-4b,concrete,instance_00004,Number of turns,1
817,codenames,qwen3.5-4b,concrete,instance_00004,Efficiency,0.0
818,codenames,qwen3.5-4b,concrete,instance_00004,Request Count,1
819,codenames,qwen3.5-4b,concrete,instance_00004,Parsed Request Count,0
820,codenames,qwen3.5-4b,concrete,instance_00004,Violated Request Count,1
821,codenames,qwen3.5-4b,concrete,instance_00004,Request Success Ratio,0.0
822,codenames,qwen3.5-4b,concrete,instance_00004,Main Score,
823,codenames,qwen3.5-4b,unambiguous,instance_00002,experiment variable,Word Ambiguity
824,codenames,qwen3.5-4b,unambiguous,instance_00002,experiment name,unambiguous
825,codenames,qwen3.5-4b,unambiguous,instance_00002,Cluegiver strip words,0
826,codenames,qwen3.5-4b,unambiguous,instance_00002,Guesser strip words,0
827,codenames,qwen3.5-4b,unambiguous,instance_00002,Average Cluegiver Number of Targets,0
828,codenames,qwen3.5-4b,unambiguous,instance_00002,Average Cluegiver Team Precision,0
829,codenames,qwen3.5-4b,unambiguous,instance_00002,Average Cluegiver Team Recall,0.0
830,codenames,qwen3.5-4b,unambiguous,instance_00002,Average Cluegiver Team F1,0
831,codenames,qwen3.5-4b,unambiguous,instance_00002,Average Guesser Number of Guesses,0
832,codenames,qwen3.5-4b,unambiguous,instance_00002,Average Guesser Number of Revealed Words,0
833,codenames,qwen3.5-4b,unambiguous,instance_00002,Average Guesser Number of Unrevealed Guesses,0
834,codenames,qwen3.5-4b,unambiguous,instance_00002,Average Guesser Target Precision,0
835,codenames,qwen3.5-4b,unambiguous,instance_00002,Average Guesser Target Recall,0
836,codenames,qwen3.5-4b,unambiguous,instance_00002,Average Guesser Target F1,0
837,codenames,qwen3.5-4b,unambiguous,instance_00002,Average Guesser Team Precision,0
838,codenames,qwen3.5-4b,unambiguous,instance_00002,Average Guesser Team Recall,0.0
839,codenames,qwen3.5-4b,unambiguous,instance_00002,Average Guesser Team F1,0
840,codenames,qwen3.5-4b,unambiguous,instance_00002,Aborted,1
841,codenames,qwen3.5-4b,unambiguous,instance_00002,Lose,0
842,codenames,qwen3.5-4b,unambiguous,instance_00002,Success,0
843,codenames,qwen3.5-4b,unambiguous,instance_00002,Game ended through assassin,0
844,codenames,qwen3.5-4b,unambiguous,instance_00002,Episode Recall,0.0
845,codenames,qwen3.5-4b,unambiguous,instance_00002,Episode Negative Recall,1.0
846,codenames,qwen3.5-4b,unambiguous,instance_00002,Number of turns,1
847,codenames,qwen3.5-4b,unambiguous,instance_00002,Efficiency,0.0
848,codenames,qwen3.5-4b,unambiguous,instance_00002,Request Count,1
849,codenames,qwen3.5-4b,unambiguous,instance_00002,Parsed Request Count,0
850,codenames,qwen3.5-4b,unambiguous,instance_00002,Violated Request Count,1
851,codenames,qwen3.5-4b,unambiguous,instance_00002,Request Success Ratio,0.0
852,codenames,qwen3.5-4b,unambiguous,instance_00002,Main Score,
853,codenames,qwen3.5-4b,opponent_none,instance_00008,experiment variable,Opponent Difficulty
854,codenames,qwen3.5-4b,opponent_none,instance_00008,experiment name,opponent_none
855,codenames,qwen3.5-4b,opponent_none,instance_00008,Cluegiver strip words,0
856,codenames,qwen3.5-4b,opponent_none,instance_00008,Guesser strip words,0
857,codenames,qwen3.5-4b,opponent_none,instance_00008,Average Cluegiver Number of Targets,0
858,codenames,qwen3.5-4b,opponent_none,instance_00008,Average Cluegiver Team Precision,0
859,codenames,qwen3.5-4b,opponent_none,instance_00008,Average Cluegiver Team Recall,0.0
860,codenames,qwen3.5-4b,opponent_none,instance_00008,Average Cluegiver Team F1,0
861,codenames,qwen3.5-4b,opponent_none,instance_00008,Average Guesser Number of Guesses,0
862,codenames,qwen3.5-4b,opponent_none,instance_00008,Average Guesser Number of Revealed Words,0
863,codenames,qwen3.5-4b,opponent_none,instance_00008,Average Guesser Number of Unrevealed Guesses,0
864,codenames,qwen3.5-4b,opponent_none,instance_00008,Average Guesser Target Precision,0
865,codenames,qwen3.5-4b,opponent_none,instance_00008,Average Guesser Target Recall,0
866,codenames,qwen3.5-4b,opponent_none,instance_00008,Average Guesser Target F1,0
867,codenames,qwen3.5-4b,opponent_none,instance_00008,Average Guesser Team Precision,0
868,codenames,qwen3.5-4b,opponent_none,instance_00008,Average Guesser Team Recall,0.0
869,codenames,qwen3.5-4b,opponent_none,instance_00008,Average Guesser Team F1,0
870,codenames,qwen3.5-4b,opponent_none,instance_00008,Aborted,1
871,codenames,qwen3.5-4b,opponent_none,instance_00008,Lose,0
872,codenames,qwen3.5-4b,opponent_none,instance_00008,Success,0
873,codenames,qwen3.5-4b,opponent_none,instance_00008,Game ended through assassin,0
874,codenames,qwen3.5-4b,opponent_none,instance_00008,Episode Recall,0.0
875,codenames,qwen3.5-4b,opponent_none,instance_00008,Episode Negative Recall,1.0
876,codenames,qwen3.5-4b,opponent_none,instance_00008,Number of turns,1
877,codenames,qwen3.5-4b,opponent_none,instance_00008,Efficiency,0.0
878,codenames,qwen3.5-4b,opponent_none,instance_00008,Request Count,1
879,codenames,qwen3.5-4b,opponent_none,instance_00008,Parsed Request Count,0
880,codenames,qwen3.5-4b,opponent_none,instance_00008,Violated Request Count,1
881,codenames,qwen3.5-4b,opponent_none,instance_00008,Request Success Ratio,0.0
882,codenames,qwen3.5-4b,opponent_none,instance_00008,Main Score,
883,codenames,qwen3.5-4b,frequency_high,instance_00002,experiment variable,Word Frequency
884,codenames,qwen3.5-4b,frequency_high,instance_00002,experiment name,frequency_high
885,codenames,qwen3.5-4b,frequency_high,instance_00002,Cluegiver strip words,0
886,codenames,qwen3.5-4b,frequency_high,instance_00002,Guesser strip words,0
887,codenames,qwen3.5-4b,frequency_high,instance_00002,Average Cluegiver Number of Targets,0
888,codenames,qwen3.5-4b,frequency_high,instance_00002,Average Cluegiver Team Precision,0
889,codenames,qwen3.5-4b,frequency_high,instance_00002,Average Cluegiver Team Recall,0.0
890,codenames,qwen3.5-4b,frequency_high,instance_00002,Average Cluegiver Team F1,0
891,codenames,qwen3.5-4b,frequency_high,instance_00002,Average Guesser Number of Guesses,0
892,codenames,qwen3.5-4b,frequency_high,instance_00002,Average Guesser Number of Revealed Words,0
893,codenames,qwen3.5-4b,frequency_high,instance_00002,Average Guesser Number of Unrevealed Guesses,0
894,codenames,qwen3.5-4b,frequency_high,instance_00002,Average Guesser Target Precision,0
895,codenames,qwen3.5-4b,frequency_high,instance_00002,Average Guesser Target Recall,0
896,codenames,qwen3.5-4b,frequency_high,instance_00002,Average Guesser Target F1,0
897,codenames,qwen3.5-4b,frequency_high,instance_00002,Average Guesser Team Precision,0
898,codenames,qwen3.5-4b,frequency_high,instance_00002,Average Guesser Team Recall,0.0
899,codenames,qwen3.5-4b,frequency_high,instance_00002,Average Guesser Team F1,0
900,codenames,qwen3.5-4b,frequency_high,instance_00002,Aborted,1
901,codenames,qwen3.5-4b,frequency_high,instance_00002,Lose,0
902,codenames,qwen3.5-4b,frequency_high,instance_00002,Success,0
903,codenames,qwen3.5-4b,frequency_high,instance_00002,Game ended through assassin,0
904,codenames,qwen3.5-4b,frequency_high,instance_00002,Episode Recall,0.0
905,codenames,qwen3.5-4b,frequency_high,instance_00002,Episode Negative Recall,1.0
906,codenames,qwen3.5-4b,frequency_high,instance_00002,Number of turns,1
907,codenames,qwen3.5-4b,frequency_high,instance_00002,Efficiency,0.0
908,codenames,qwen3.5-4b,frequency_high,instance_00002,Request Count,1
909,codenames,qwen3.5-4b,frequency_high,instance_00002,Parsed Request Count,0
910,codenames,qwen3.5-4b,frequency_high,instance_00002,Violated Request Count,1
911,codenames,qwen3.5-4b,frequency_high,instance_00002,Request Success Ratio,0.0
912,codenames,qwen3.5-4b,frequency_high,instance_00002,Main Score,
913,codenames,qwen3.5-4b,frequency_low,instance_00004,experiment variable,Word Frequency
914,codenames,qwen3.5-4b,frequency_low,instance_00004,experiment name,frequency_low
915,codenames,qwen3.5-4b,frequency_low,instance_00004,Cluegiver strip words,0
916,codenames,qwen3.5-4b,frequency_low,instance_00004,Guesser strip words,0
917,codenames,qwen3.5-4b,frequency_low,instance_00004,Average Cluegiver Number of Targets,0
918,codenames,qwen3.5-4b,frequency_low,instance_00004,Average Cluegiver Team Precision,0
919,codenames,qwen3.5-4b,frequency_low,instance_00004,Average Cluegiver Team Recall,0.0
920,codenames,qwen3.5-4b,frequency_low,instance_00004,Average Cluegiver Team F1,0
921,codenames,qwen3.5-4b,frequency_low,instance_00004,Average Guesser Number of Guesses,0
922,codenames,qwen3.5-4b,frequency_low,instance_00004,Average Guesser Number of Revealed Words,0
923,codenames,qwen3.5-4b,frequency_low,instance_00004,Average Guesser Number of Unrevealed Guesses,0
924,codenames,qwen3.5-4b,frequency_low,instance_00004,Average Guesser Target Precision,0
925,codenames,qwen3.5-4b,frequency_low,instance_00004,Average Guesser Target Recall,0
926,codenames,qwen3.5-4b,frequency_low,instance_00004,Average Guesser Target F1,0
927,codenames,qwen3.5-4b,frequency_low,instance_00004,Average Guesser Team Precision,0
928,codenames,qwen3.5-4b,frequency_low,instance_00004,Average Guesser Team Recall,0.0
929,codenames,qwen3.5-4b,frequency_low,instance_00004,Average Guesser Team F1,0
930,codenames,qwen3.5-4b,frequency_low,instance_00004,Aborted,1
931,codenames,qwen3.5-4b,frequency_low,instance_00004,Lose,0
932,codenames,qwen3.5-4b,frequency_low,instance_00004,Success,0
933,codenames,qwen3.5-4b,frequency_low,instance_00004,Game ended through assassin,0
934,codenames,qwen3.5-4b,frequency_low,instance_00004,Episode Recall,0.0
935,codenames,qwen3.5-4b,frequency_low,instance_00004,Episode Negative Recall,1.0
936,codenames,qwen3.5-4b,frequency_low,instance_00004,Number of turns,1
937,codenames,qwen3.5-4b,frequency_low,instance_00004,Efficiency,0.0
938,codenames,qwen3.5-4b,frequency_low,instance_00004,Request Count,1
939,codenames,qwen3.5-4b,frequency_low,instance_00004,Parsed Request Count,0
940,codenames,qwen3.5-4b,frequency_low,instance_00004,Violated Request Count,1
941,codenames,qwen3.5-4b,frequency_low,instance_00004,Request Success Ratio,0.0
942,codenames,qwen3.5-4b,frequency_low,instance_00004,Main Score,
943,matchit_ascii,qwen3.5-4b,similar_grid_2,instance_00007,Violated Request Count,0
944,matchit_ascii,qwen3.5-4b,similar_grid_2,instance_00007,Parsed Request Count,16
945,matchit_ascii,qwen3.5-4b,similar_grid_2,instance_00007,Request Count,16
946,matchit_ascii,qwen3.5-4b,similar_grid_2,instance_00007,Aborted,0
947,matchit_ascii,qwen3.5-4b,similar_grid_2,instance_00007,Success,1
948,matchit_ascii,qwen3.5-4b,similar_grid_2,instance_00007,Lose,0
949,matchit_ascii,qwen3.5-4b,similar_grid_2,instance_00007,Main Score,100
950,matchit_ascii,qwen3.5-4b,similar_grid_2,instance_00007,Player Score,100
951,matchit_ascii,qwen3.5-4b,same_grid,instance_00002,Violated Request Count,0
952,matchit_ascii,qwen3.5-4b,same_grid,instance_00002,Parsed Request Count,16
953,matchit_ascii,qwen3.5-4b,same_grid,instance_00002,Request Count,16
954,matchit_ascii,qwen3.5-4b,same_grid,instance_00002,Aborted,0
955,matchit_ascii,qwen3.5-4b,same_grid,instance_00002,Success,1
956,matchit_ascii,qwen3.5-4b,same_grid,instance_00002,Lose,0
957,matchit_ascii,qwen3.5-4b,same_grid,instance_00002,Main Score,100
958,matchit_ascii,qwen3.5-4b,same_grid,instance_00002,Player Score,100
959,matchit_ascii,qwen3.5-4b,similar_grid_1,instance_00002,Violated Request Count,0
960,matchit_ascii,qwen3.5-4b,similar_grid_1,instance_00002,Parsed Request Count,16
961,matchit_ascii,qwen3.5-4b,similar_grid_1,instance_00002,Request Count,16
962,matchit_ascii,qwen3.5-4b,similar_grid_1,instance_00002,Aborted,0
963,matchit_ascii,qwen3.5-4b,similar_grid_1,instance_00002,Success,1
964,matchit_ascii,qwen3.5-4b,similar_grid_1,instance_00002,Lose,0
965,matchit_ascii,qwen3.5-4b,similar_grid_1,instance_00002,Main Score,100
966,matchit_ascii,qwen3.5-4b,similar_grid_1,instance_00002,Player Score,100
967,matchit_ascii,qwen3.5-4b,different_grid,instance_00002,Violated Request Count,0
968,matchit_ascii,qwen3.5-4b,different_grid,instance_00002,Parsed Request Count,16
969,matchit_ascii,qwen3.5-4b,different_grid,instance_00002,Request Count,16
970,matchit_ascii,qwen3.5-4b,different_grid,instance_00002,Aborted,0
971,matchit_ascii,qwen3.5-4b,different_grid,instance_00002,Success,1
972,matchit_ascii,qwen3.5-4b,different_grid,instance_00002,Lose,0
973,matchit_ascii,qwen3.5-4b,different_grid,instance_00002,Main Score,100
974,matchit_ascii,qwen3.5-4b,different_grid,instance_00002,Player Score,100
975,wordle,qwen3.5-4b,medium_frequency_words_no_clue_no_critic,instance_00014,Played,1.0
976,wordle,qwen3.5-4b,medium_frequency_words_no_clue_no_critic,instance_00007,Played,1.0
977,wordle,qwen3.5-4b,high_frequency_words_no_clue_no_critic,instance_00007,Played,0.0
978,guesswhat,qwen3.5-4b,Abs_Level_3,instance_00008,Played,0.0
979,guesswhat,qwen3.5-4b,Abs_Level_2,instance_00007,Played,0.0
980,guesswhat,qwen3.5-4b,Abs_Level_1,instance_00002,Played,0.0
981,guesswhat,qwen3.5-4b,Level_1,instance_00002,Played,0.0
982,guesswhat,qwen3.5-4b,Level_2,instance_00009,Played,0.0
983,guesswhat,qwen3.5-4b,Level_3,instance_00008,Played,0.0
984,privateshared,qwen3.5-4b,things-places,instance_00003,Played,0.0
985,privateshared,qwen3.5-4b,restaurant,instance_00007,Played,1.0
986,privateshared,qwen3.5-4b,travel-booking,instance_00009,Played,1.0
987,privateshared,qwen3.5-4b,job-interview,instance_00008,Played,1.0
988,privateshared,qwen3.5-4b,letter-number,instance_00009,Played,1.0
989,wordle_withcritic,qwen3.5-4b,medium_frequency_words_clue_with_critic,instance_00004,Played,0.0
990,wordle_withcritic,qwen3.5-4b,medium_frequency_words_clue_with_critic,instance_00019,Played,0.0
991,wordle_withcritic,qwen3.5-4b,high_frequency_words_clue_with_critic,instance_00002,Played,0.0
992,taboo,qwen3.5-4b,high_en,instance_00016,Played,1.0
993,taboo,qwen3.5-4b,high_en,instance_00010,Played,1.0
994,taboo,qwen3.5-4b,low_en,instance_00018,Played,1.0
995,taboo,qwen3.5-4b,low_en,instance_00012,Played,1.0
996,taboo,qwen3.5-4b,medium_en,instance_00007,Played,1.0
997,taboo,qwen3.5-4b,medium_en,instance_00010,Played,1.0
998,wordle_withclue,qwen3.5-4b,high_frequency_words_clue_no_critic,instance_00009,Played,0.0
999,wordle_withclue,qwen3.5-4b,medium_frequency_words_clue_no_critic,instance_00011,Played,0.0
1000,wordle_withclue,qwen3.5-4b,medium_frequency_words_clue_no_critic,instance_00018,Played,0.0
1001,textmapworld,qwen3.5-4b,large_cycle,instance_00049,Played,1.0
1002,textmapworld,qwen3.5-4b,small,instance_00006,Played,1.0
1003,textmapworld,qwen3.5-4b,large,instance_00028,Played,1.0
1004,textmapworld,qwen3.5-4b,medium_cycle,instance_00034,Played,1.0
1005,textmapworld,qwen3.5-4b,medium,instance_00010,Played,1.0
1006,referencegame,qwen3.5-4b,random_grids,instance_00005,Played,1.0
1007,referencegame,qwen3.5-4b,line_grids_columns,instance_00013,Played,1.0
1008,referencegame,qwen3.5-4b,number_grids,instance_00017,Played,1.0
1009,referencegame,qwen3.5-4b,line_grids_rows,instance_00017,Played,1.0
1010,referencegame,qwen3.5-4b,letter_grids,instance_00012,Played,1.0
1011,textmapworld_specificroom,qwen3.5-4b,on,instance_00000,Played,1.0
1012,textmapworld_specificroom,qwen3.5-4b,far,instance_00027,Played,0.0
1013,textmapworld_specificroom,qwen3.5-4b,close,instance_00017,Played,0.0
1014,imagegame,qwen3.5-4b,random_grids,instance_00014,Played,1.0
1015,imagegame,qwen3.5-4b,random_grids,instance_00016,Played,1.0
1016,imagegame,qwen3.5-4b,compact_grids,instance_00019,Played,1.0
1017,imagegame,qwen3.5-4b,compact_grids,instance_00002,Played,1.0
1018,textmapworld_graphreasoning,qwen3.5-4b,small,instance_00009,Played,1.0
1019,textmapworld_graphreasoning,qwen3.5-4b,large,instance_00028,Played,1.0
1020,textmapworld_graphreasoning,qwen3.5-4b,medium,instance_00010,Played,1.0
1021,codenames,qwen3.5-4b,association_difficult,instance_00000,Played,0
1022,codenames,qwen3.5-4b,risk_low,instance_00008,Played,0
1023,codenames,qwen3.5-4b,ambiguous,instance_00001,Played,0
1024,codenames,qwen3.5-4b,opponent_difficult,instance_00007,Played,0
1025,codenames,qwen3.5-4b,risk_high,instance_00009,Played,0
1026,codenames,qwen3.5-4b,abstract,instance_00007,Played,0
1027,codenames,qwen3.5-4b,association_easy,instance_00009,Played,0
1028,codenames,qwen3.5-4b,opponent_easy,instance_00009,Played,0
1029,codenames,qwen3.5-4b,concrete,instance_00004,Played,0
1030,codenames,qwen3.5-4b,unambiguous,instance_00002,Played,0
1031,codenames,qwen3.5-4b,opponent_none,instance_00008,Played,0
1032,codenames,qwen3.5-4b,frequency_high,instance_00002,Played,0
1033,codenames,qwen3.5-4b,frequency_low,instance_00004,Played,0
1034,matchit_ascii,qwen3.5-4b,similar_grid_2,instance_00007,Played,1
1035,matchit_ascii,qwen3.5-4b,same_grid,instance_00002,Played,1
1036,matchit_ascii,qwen3.5-4b,similar_grid_1,instance_00002,Played,1
1037,matchit_ascii,qwen3.5-4b,different_grid,instance_00002,Played,1
